user_id,job_id,skill_overlap,weighted_score,semantic_similarity,relevance_score
u001,j00001,0.6156354589595345,0.5875370539927343,0.39582427772929707,4
u001,j00002,0.7368832596870285,0.6738628828256508,0.552112622515825,2
u001,j00003,0.2145402036745396,0.1055773146119943,0.0,1
u001,j00004,0.15417927216675578,0.2014872347923079,0.0,1
u001,j00005,0.4327478644229819,0.4311281974544298,0.14426686575270228,2
u001,j00006,0.05961763729312381,0.20285440420700188,0.15250233310449823,1
u001,j00007,0.53789069824926,0.48261404573408545,0.5350918227073193,3
u001,j00008,0.09602704371077704,0.2025568588619799,0.0,1
u001,j00009,0.3946660563951576,0.26190585951443424,0.09683524586450973,2
u001,j00010,0.8625342554785749,0.8534378060751926,0.6579833196612644,5
u001,j00011,0.26002611341832005,0.2704717616069006,0.1371671768229439,2
u001,j00012,0.7345700699446488,0.7091106993392536,0.4501687298552957,4
u001,j00013,0.7731443082016917,0.8347364001752944,0.7469803357736506,4
u001,j00014,0.3251022626847845,0.4779502971015312,0.18377868325550611,1
u001,j00015,0.6304895803723976,0.5342163080658033,0.47358353077489146,2
u002,j00016,0.1461517165636709,0.14392562002227408,0.0,0
u002,j00017,0.28199528150526654,0.5775843350035008,0.26905981196871565,2
u002,j00018,0.46599860793456255,0.558074228579331,0.15373013893004,2
u002,j00019,0.405818654160245,0.23759652662517128,0.15197693513270608,1
u002,j00020,0.2591848640338117,0.4639774584752271,0.31246781716897504,2
u002,j00021,0.6602444585442364,0.7170755502204582,0.5552533533752257,3
u002,j00022,0.6134602073141875,0.5706508042220042,0.512840414900026,3
u002,j00023,0.8798530561366873,0.9020091191605638,0.39989092214311134,4
u002,j00024,0.8359408057240798,0.9100577071854172,0.7677191835538724,4
u002,j00025,0.5926090764809772,0.506886906317813,0.4410513053354047,2
u002,j00026,0.45920917306529085,0.36906764210561943,0.15188221317762407,2
u002,j00027,0.567691400761486,0.7953065586799597,0.1919033220255957,2
u002,j00028,0.6910393402418413,1.0,0.4977923526920809,3
u002,j00029,0.7199293505012083,0.7778260403303906,0.4853306870185969,3
u003,j00030,0.28470442658455397,0.17357883227917661,0.12234830096384448,2
u003,j00031,0.7001315248452871,0.7185785375587505,0.6487055937210573,3
u003,j00032,0.47002283123971383,0.578637466434501,0.23843032599512037,3
u003,j00033,0.45470675359191176,0.9170345324704783,0.5179269267101511,3
u003,j00034,0.5103210259978073,0.5301237617709279,0.22883538052405986,2
u003,j00035,0.2818979520790747,0.0883720475363165,0.06336052541096882,1
u003,j00036,0.7145612982622073,1.0,0.7767049725316251,5
u003,j00037,0.9427703449181791,0.9651448626905105,0.593264429809848,3
u003,j00038,0.1496238444242748,0.187755888316729,0.0,1
u003,j00039,0.386501068336663,0.5103968996028005,0.16093953735121605,2
u003,j00040,0.20218903048370004,0.04679593354611686,0.12576454562662798,0
u003,j00041,0.2962380540852896,0.3119269233596205,0.2161429732057293,3
u004,j00042,0.4171214929076061,0.3928265898078199,0.3011195361028983,2
u004,j00043,0.28219384533746944,0.13365598547824756,0.3005629686511242,2
u004,j00044,0.6005093729481652,0.5421374410218819,0.4514963002565736,3
u004,j00045,0.5279553072915357,0.6299075589340587,0.5123703791810792,4
u004,j00046,0.46220721350332833,0.5284156547591372,0.21702585576320724,2
u004,j00047,0.17769186483793084,0.15342874654586355,0.3573132717624504,1
u004,j00048,0.37052163552112016,0.307739064290667,0.4017365930319339,2
u004,j00049,0.5882240885312254,0.5726069220071033,0.6986045079478533,4
u004,j00050,0.18303672583580657,0.2755181253785799,0.2281841236055333,1
u004,j00051,0.3361442114438226,0.318497325663566,0.32737714923198946,2
u004,j00052,0.3752389363345908,0.5137614569436617,0.19105999584791544,2
u004,j00053,0.6617905006959347,0.8388332467298809,0.41790471417570807,3
u004,j00054,0.36729388381404054,0.5198304709317503,0.3727351838894343,2
u004,j00055,0.3955871077470509,0.34744065112075057,0.2873588751007675,2
u005,j00056,0.5754950070796728,0.5236619428866681,0.6818415559288105,4
u005,j00057,0.45242747124176863,0.35543167699915046,0.2930406361311225,2
u005,j00058,0.9400186020050809,0.9835157770617171,0.5232508207013029,4
u005,j00059,0.08224546022030065,0.22377827470685507,0.0,0
u005,j00060,0.6666569653696628,0.7001037295661421,0.2274957269396089,3
u005,j00061,0.49197242548432113,0.4379645689068119,0.43780818769114954,2
u005,j00062,0.7677359334635117,0.8319949506605362,0.30729802781411475,4
u005,j00063,0.7091408981577515,0.8506565602454107,0.5065264009219423,4
u005,j00064,0.8848051633496221,0.852513830798148,0.7161700067825075,5
u005,j00065,0.2060544629187745,0.33306540134072504,0.0,1
u005,j00066,0.9319861758721342,1.0,0.7019954066700836,4
u005,j00067,0.5688979160103259,0.5649745462390348,0.5666301939269313,2
u006,j00068,0.4905397123701044,0.358389483788451,0.41652878989756714,3
u006,j00069,0.65635363253306,0.7168392143952014,0.3371226817798687,3
u006,j00070,0.22525759939158094,0.2130236578939982,0.164000431835396,2
u006,j00071,0.7111030569624661,0.6845867050184794,0.3873103140350793,3
u006,j00072,0.6653238717385871,0.5901409698159619,0.13690720178071414,3
u006,j00073,0.066707239612,0.2010562289841492,0.27526317925747124,0
u006,j00074,0.5233733323877978,0.396021816434207,0.2682053307545061,2
u006,j00075,0.20268296086955329,0.30847973170348736,0.010781954685922801,1
u006,j00076,0.676208487442162,0.6296401846664723,0.3730856459640231,4
u006,j00077,0.5264536208706618,0.5940099292735304,0.2998010491847568,2
u006,j00078,0.5068064470998104,0.20647530450034451,0.4574608432031425,2
u006,j00079,0.6028254270456765,0.6934723741447673,0.5012252903765301,3
u006,j00080,0.5555035588871781,0.48775671849482904,0.23854548267671447,2
u006,j00081,0.02013878056561454,0.0,0.0,1
u006,j00082,0.962246060874146,0.8900098194065799,0.7876099068072062,5
u007,j00083,0.9732692285485465,0.8776417978920893,0.7067478526425385,4
u007,j00084,0.33839847553013164,0.26705654920322175,0.3251282106401885,1
u007,j00085,0.38358134563693375,0.6326294414743864,0.22797644414422288,3
u007,j00086,0.2555615162398721,0.38175268112047206,0.05236131703108987,1
u007,j00087,0.3612997144140635,0.09596347733311728,0.1201874088021467,1
u007,j00088,0.42901291616763143,0.4901382901279641,0.48740809960210063,3
u007,j00089,0.6086518144448103,0.5066704901090353,0.6525219669803107,3
u007,j00090,0.29650184389031947,0.45093883955227076,0.1408556569863776,2
u007,j00091,0.2554886013706997,0.4181651444272938,0.0,1
u007,j00092,0.3701843044408261,0.2632831033466968,0.0,1
u007,j00093,0.8141795543304651,0.9012715491983081,0.6024548435787662,4
u008,j00094,0.7744231513035525,0.7964891535321714,0.5571105222994415,3
u008,j00095,0.624404501321107,0.7557074835376208,0.348870126977592,3
u008,j00096,0.7723595175783528,0.8746290962619849,0.19254105620812728,3
u008,j00097,0.6732619693655292,0.8735445524002563,0.30247052739383706,3
u008,j00098,0.7762811784135467,0.9059363626941886,0.26666103884506864,3
u008,j00099,0.6437180701581542,0.5109349611091538,0.4507075167442841,3
u008,j00100,0.33394714891002625,0.3201658665720634,0.25701849777634617,2
u008,j00101,0.30880885779962536,0.489288016429548,0.0,1
u008,j00102,0.2242356074666616,0.2062502514551662,0.23612963936641224,1
u008,j00103,0.12929997243198982,0.28188658383128884,0.0,0
u009,j00104,0.5444405056348791,0.5023587222894246,0.34672594621137653,3
u009,j00105,0.36797019118956076,0.5070897675932705,0.15899413611506846,1
u009,j00106,0.05632334398240746,0.0,0.0,1
u009,j00107,0.3534617122355896,0.5640370140737133,0.0,2
u009,j00108,0.6672387903213715,0.9258675349333403,0.5679057458870258,3
u009,j00109,0.411688013974036,0.4533978186174365,0.043742661885376094,2
u009,j00110,0.6774152048265114,0.8718792182464167,0.7097648386677288,3
u009,j00111,0.9093866697111552,0.755837433702871,0.5843687058532828,4
u009,j00112,0.14098699716778912,0.3019444275318053,0.0,1
u009,j00113,0.10263017783746076,0.12481051268084563,0.1629761541359263,0
u010,j00114,0.6353388254865917,0.5930780674546409,0.4811152416824921,3
u010,j00115,0.5642700962213226,0.7817639231809541,0.4699497103717424,3
u010,j00116,0.16322482691292445,0.00490308021643579,0.08032059598774569,1
u010,j00117,0.4221979902888713,0.5518916773554259,0.2274769469217436,2
u010,j00118,0.34970117229668557,0.36576289080620555,0.08263233954644053,2
u010,j00119,0.3735403634267262,0.4861344201438459,0.18407154516610225,2
u010,j00120,0.6363139850833546,0.7896652045919343,0.4173890429341443,3
u010,j00121,0.6907887837808583,0.7228348156851694,0.6169967679901164,4
u010,j00122,0.47644352668366097,0.3944317118680462,0.6783451872214502,2
u010,j00123,0.21039733866516938,0.15997492061366653,0.10501044573654249,0
u010,j00124,0.7795125548696633,0.6346250550720984,0.6933071481802517,4
u010,j00125,0.37275436480416374,0.39272862978973044,0.33479574496413694,2
u010,j00126,0.8702679166790005,0.7983969890918802,0.5135794725793227,4
u010,j00127,0.8046526640757858,0.7383858987620693,0.6581966375163767,4
u011,j00128,0.3195027328009695,0.3392664720934264,0.13173360938802073,2
u011,j00129,0.4912887847700039,0.47005511747071793,0.22415756265823467,2
u011,j00130,0.5266966752119245,0.5257033062659187,0.29104597779292146,3
u011,j00131,0.3067009253226458,0.24796819222045915,0.3713147792862128,2
u011,j00132,0.7289460156733265,0.7656125341185975,0.6333345381509331,4
u011,j00133,0.4845833548498525,0.46452918521182995,0.36121540135989516,3
u011,j00134,0.2653475750404462,0.31339701854905866,0.21440816273129784,2
u011,j00135,0.13870294048524293,0.10176955229088283,0.12996460748926086,1
u011,j00136,0.5523061777683317,0.37932686800069787,0.3196492822552529,2
u011,j00137,0.8399523713356299,0.983357966806611,0.3594886242173747,4
u012,j00138,0.5943742436000402,0.35014541472497973,0.3327820415160484,3
u012,j00139,0.38075560476297454,0.46575837843889695,0.43480690174810943,3
u012,j00140,0.7060169689345352,0.5587457952240323,0.7432324212714109,4
u012,j00141,0.7323283931346393,0.9055801456234304,0.5884551467859711,4
u012,j00142,0.5952342768667775,0.6504257599654348,0.5077911428791699,3
u012,j00143,0.5229825731468369,0.6080630240574584,0.21148017578255737,3
u012,j00144,0.7170890466936148,0.6281891577374905,0.49981897797703506,3
u012,j00145,0.6847132435406947,0.45796835582723106,0.4533440386739486,3
u012,j00146,0.8689900328408583,0.9136457997720376,0.6801238475783762,4
u012,j00147,0.38326379632231733,0.2442600336192122,0.3470179742252147,3
u012,j00148,0.310323747806193,0.28884231175209474,0.10744506061980251,2
u013,j00149,0.3814308100059722,0.4501407437687112,0.30832815135641845,2
u013,j00150,0.7081102130799269,0.6385746201915186,0.6590286464236649,4
u013,j00151,0.34773284852783176,0.26503031035708363,0.1879847514461477,2
u013,j00152,0.3802888437890819,0.7360900859955686,0.25170785465887413,2
u013,j00153,0.6233775111482825,0.6377812703544739,0.3610259003746792,3
u013,j00154,0.6966935402045283,0.47297375680743703,0.35244536623783396,2
u013,j00155,0.6254636311292837,0.6208426147891989,0.19288169970920108,3
u013,j00156,0.605369758784824,0.7705861779302956,0.5403112455129702,4
u013,j00157,0.4688598152126823,0.38826501106011607,0.37677188978976933,2
u013,j00158,0.16425904154966714,0.0,0.15026130341297214,1
u013,j00159,0.8112708080355658,0.9505700225209881,0.3345047680514117,4
u013,j00160,0.43191671849106306,0.26487715802850187,0.25004388278256523,2
u013,j00161,0.1753671915777922,0.2990012060616133,0.15857540795843156,1
u014,j00162,0.45181760385927267,0.3693123896985217,0.4261683342838277,2
u014,j00163,0.9035143357424159,1.0,0.6844333064043899,4
u014,j00164,0.2569980747541462,0.1443819255294444,0.27653887625429757,2
u014,j00165,0.4012269593353491,0.4273189041169158,0.2762257261990073,3
u014,j00166,0.607511724448492,0.6312196432691779,0.49264247235190617,2
u014,j00167,0.3593834837371969,0.22182203657495436,0.40233982460774054,1
u014,j00168,0.3334108845582412,0.13123663717978576,0.09332928127973542,1
u014,j00169,0.6573927416280787,0.822477559225473,0.47824991295805025,3
u014,j00170,0.6120003668413105,0.42567311870338603,0.38286985895233766,2
u014,j00171,0.1727586029020592,0.2939366536231753,0.0,1
u014,j00172,0.32734154953932837,0.18853224253309453,0.0,2
u015,j00173,0.055887804014403956,0.1235568984206871,0.0012186096099381788,1
u015,j00174,0.3657578820261049,0.26128916807469416,0.10838966112439785,2
u015,j00175,0.23878835489216696,0.050328282457385715,0.07665331364126002,0
u015,j00176,0.5050228339219088,0.7266180140215656,0.38685839136407874,3
u015,j00177,0.3066280887603858,0.3729268832904435,0.12779517385314443,2
u015,j00178,0.5594723397935351,0.5253993224876309,0.451809470304508,3
u015,j00179,0.4848728813474222,0.4017242576119133,0.45984625966504844,2
u015,j00180,0.8672872365956064,1.0,0.4214279240038571,4
u015,j00181,0.38126587808874574,0.3656873941207346,0.45057378030604345,3
u015,j00182,0.1522252072879686,0.18995122657455027,0.10624507548855044,1
u015,j00183,0.14843863712813837,0.08200804812317902,0.14930984833909472,1
u016,j00184,0.11539559967997404,0.0,0.0,0
u016,j00185,0.41753888163925984,0.23083140409482458,0.3616711674546472,3
u016,j00186,0.1712155968148423,0.40480073731661415,0.01409913940662827,1
u016,j00187,0.5855762340541175,0.6058995329384469,0.1978461893021352,3
u016,j00188,0.15793013258273864,0.012184913815569826,0.0,1
u016,j00189,0.6703204451226928,0.6933663391014966,0.42285684195550977,3
u016,j00190,0.7006024430086084,0.5938329107942202,0.2149909041405314,3
u016,j00191,0.8067442405709312,0.806015731186144,0.6904945845673981,4
u016,j00192,0.38026005852098554,0.4522113521147648,0.23993807746037854,2
u016,j00193,0.7651340121360182,0.8954414800358075,0.6067985434272056,4
u017,j00194,0.7551442266737444,0.8187074026223975,0.36883390921031517,3
u017,j00195,0.40968657984141044,0.4164845708290633,0.36623451904249693,2
u017,j00196,0.9886067950764504,1.0,0.5105705451273491,5
u017,j00197,0.5444842612313838,0.5188711167197588,0.6047479033894615,3
u017,j00198,0.5495023508759066,0.5001906121200045,0.2926412460819936,2
u017,j00199,0.3903074942944768,0.4427400746640388,0.4518121872240849,3
u017,j00200,0.3755909160300591,0.35051565755021546,0.057881836458728214,2
u017,j00201,0.6897271277594045,0.6205458796721981,0.09415264560984665,3
u017,j00202,0.7647636325963978,0.7610509529377228,0.714820268067152,4
u017,j00203,0.6912377102267964,0.6704841830359856,0.7406226691801089,3
u017,j00204,0.13827591109041246,0.16312717455836664,0.0,1
u017,j00205,0.15856897340784273,0.41744595899970316,0.020141042934989153,2
u018,j00206,0.6825741430469184,0.702781566143948,0.5467977215737103,3
u018,j00207,0.7598587408371253,0.7160201546796723,0.5596031644657239,3
u018,j00208,0.20554774460085914,0.34448552564374024,0.3217390444200509,2
u018,j00209,0.7923012912599461,0.7535797105988898,0.5169859514137051,4
u018,j00210,0.7093738441794655,0.7140048770067094,0.40003395636860434,4
u018,j00211,0.4607525762650782,0.5253481057510342,0.483402903982025,3
u018,j00212,0.4421432920021282,0.28838757118490566,0.617931373892538,2
u018,j00213,0.5114966349242623,0.6147534535274318,0.27058602866164283,3
u018,j00214,0.35284599236644526,0.3360408501333767,0.3464243849566236,3
u018,j00215,0.7957964320949734,0.8437589863052904,0.459353968397707,4
u018,j00216,0.5156162425345016,0.6024498768358351,0.3970443466974363,4
u018,j00217,0.9027117697883691,1.0,0.7328754415423521,4
u018,j00218,0.15168897007331153,0.04048339777424975,0.07482879045841428,1
u019,j00219,0.28667423741015813,0.143168269965936,0.2673623664201318,2
u019,j00220,0.7094983758542422,0.5767413941068412,0.6050060667721352,3
u019,j00221,0.8073551500348415,0.6371512620828776,0.3010272832272726,3
u019,j00222,0.6702652514353775,0.5699737952328685,0.3845485362061559,3
u019,j00223,0.4386534863643234,0.5615409894616988,0.39593648283520383,3
u019,j00224,0.2279154601107669,0.15000359074165598,0.17280185502131393,2
u019,j00225,0.29031383923406695,0.28039215693294306,0.18495756120635432,2
u019,j00226,0.5766706795633343,0.6458816475065029,0.586824530023137,3
u019,j00227,0.6622175436187665,0.8883679003309196,0.6950388097739648,3
u019,j00228,0.3579867733611545,0.4505594523910534,0.29906589848052534,2
u019,j00229,0.7698008295428707,0.8314328423312366,0.4589554547307227,3
u020,j00230,0.014555124759486168,0.0,0.2593774695138208,0
u020,j00231,0.2994831513286796,0.3914127847348424,0.3936781895127218,2
u020,j00232,0.39527770928206385,0.36874413784744364,0.4137320904324321,1
u020,j00233,0.7677614331574659,0.47685260192471296,0.6700398126643836,3
u020,j00234,0.3984892824870001,0.4089690094368492,0.04456061920791868,1
u020,j00235,0.8498827518647151,0.9058543497567382,0.5895717039606779,3
u020,j00236,0.757500224149426,0.692480025629189,0.5603355364892395,4
u020,j00237,0.27688022066539464,0.29805320729866164,0.13876197860327788,1
u020,j00238,0.7779710332168436,0.7710129595249755,0.6100636938754407,4
u020,j00239,0.12792350230566957,0.1304187472267185,0.0,1
u020,j00240,0.8088536490688688,0.8811509142016066,0.4937860260209033,3
u021,j00241,0.2774096702340002,0.2423923179641349,0.0,2
u021,j00242,0.69157991903886,0.6909322338754759,0.4201523038963704,4
u021,j00243,0.8144333372228573,1.0,0.7321105459131974,4
u021,j00244,0.8798767710181192,0.8940033171038284,0.5193812648650641,4
u021,j00245,0.5147388455416955,0.40012413601977315,0.423857051718206,3
u021,j00246,0.24746412270595672,0.2764126992245985,0.16127867720731243,2
u021,j00247,0.21813598830979905,0.3606223144975692,0.5411297381196514,2
u021,j00248,0.719439696823423,0.7910127775707035,0.5288769342168381,4
u021,j00249,0.15751865410902005,0.0,0.019089759812149165,1
u021,j00250,0.39812216762710223,0.297336460045814,0.24284570246351742,2
u021,j00251,0.6215552160409028,0.7676142385399624,0.6632860590169997,4
u021,j00252,0.40522863731732744,0.42149398837636304,0.10680407744815881,2
u021,j00253,0.3692857391686284,0.43968899534566136,0.1872644689246612,2
u022,j00254,0.6895221117560156,0.7046237481103385,0.5597516556780482,4
u022,j00255,0.4758098595084277,0.5249880983398492,0.296878253463118,2
u022,j00256,0.9496906504374917,0.6764517055335255,0.33888302340413873,4
u022,j00257,0.40725847818088706,0.4923926962375718,0.21975797914114442,2
u022,j00258,0.3041099484422709,0.24089929652367204,0.2679700609197907,2
u022,j00259,0.5262953538289139,0.6222883820619599,0.12596015641475156,2
u022,j00260,0.2171511887502214,0.3250474743927204,0.13633844934453426,1
u022,j00261,0.324469764121065,0.2131873880181961,0.26288418229496324,2
u022,j00262,0.4743711400608657,0.7968752639445009,0.23394844557349243,2
u022,j00263,0.3684777589251536,0.561951149883791,0.4551715992852146,3
u022,j00264,0.7999756118915495,0.8035950005957645,0.8856243359487566,4
u022,j00265,0.42423115387788596,0.34951323046975175,0.32615292600010654,2
u022,j00266,0.25450815177056135,0.006365584598242269,0.0,1
u023,j00267,0.8145164540827154,0.7774113648367318,0.45733805701931335,4
u023,j00268,0.6485617978614289,0.6269030231896329,0.48597275273865354,3
u023,j00269,0.6064317657235577,0.8345746480139187,0.4154031139342973,3
u023,j00270,0.11200761243611082,0.09023021288660729,0.0,1
u023,j00271,0.3748987120830798,0.5683651874737308,0.3969549958379856,2
u023,j00272,0.49923466110922315,0.46240892326673844,0.3297757177126105,3
u023,j00273,0.5918750209385564,0.46102713164541487,0.6259523716189299,3
u023,j00274,0.46470005882745147,0.5557726908420852,0.23342443498315033,3
u023,j00275,0.24362263685686988,0.2281981354841982,0.0,1
u023,j00276,0.8990030492181903,0.9869209725056802,0.7747207145317437,4
u023,j00277,0.15714462066308219,0.27721449882823956,0.009408203102660787,2
u023,j00278,0.8459211549772718,0.7627387357089015,0.7877958449158131,3
u023,j00279,0.4857444456850839,0.3530598854667716,0.3077829574362484,2
u023,j00280,0.6252920665844298,0.6059307611862146,0.35337924262235554,3
u024,j00281,0.2667589679643618,0.1186371033387712,0.09786163870211913,1
u024,j00282,0.5610299745024799,0.4234302087599715,0.4746636193522909,3
u024,j00283,0.4322930320230666,0.4012375045030143,0.5424021979918542,3
u024,j00284,0.4588882624717782,0.4863661534791076,0.4971904793682409,3
u024,j00285,0.398320934216961,0.25504993344907434,0.3002661181664287,3
u024,j00286,0.8234133464622658,0.9707398517189673,0.45822177973735023,4
u024,j00287,0.5638509517469731,0.32633497450187854,0.5068822046405113,2
u024,j00288,0.5849689204287496,0.8650685500439943,0.5746221895499104,4
u024,j00289,0.18125988298711643,0.49858108462916056,0.0,2
u024,j00290,0.6538939030158776,0.6875084696922115,0.5509615155895219,3
u024,j00291,0.5748076235917791,0.3620437274069533,0.5916535616213441,2
u024,j00292,0.3240163011172527,0.03364687142784123,0.3852199321419847,2
u024,j00293,0.4362882441311172,0.502960780051531,0.31883887308006936,2
u024,j00294,0.28721520364909014,0.2626806060868632,0.29008415089649237,1
u024,j00295,0.579855232462785,0.7147487588611067,0.5480276320423781,3
u025,j00296,0.38285845618666053,0.31907162371749376,0.41096967613707536,2
u025,j00297,0.5348188517183244,0.6308679947456464,0.4875168956748632,3
u025,j00298,0.7624215211872978,0.7878395706642352,0.5092350202395438,3
u025,j00299,0.38684453488925,0.15961077485479575,0.3027852305284158,2
u025,j00300,0.3615304011185021,0.37143192503728484,0.011937301127605326,1
u025,j00301,0.5423387885391058,0.6418757695709156,0.3505632311614535,3
u025,j00302,0.09568042735929799,0.09845707413107814,0.2710750885273062,1
u025,j00303,0.4952437024937919,0.43624736021794625,0.47317648506921306,3
u025,j00304,0.32507321809636563,0.23641687384873905,0.36103870255223125,1
u025,j00305,0.6021307315072411,0.6204133161512877,0.32756300722183374,3
u025,j00306,0.8308711316959987,0.7278571388510364,0.7504479578432506,4
u025,j00307,0.430778908219463,0.5357056099049903,0.27760605147987466,3
u025,j00308,0.32837146845880155,0.32050575564508094,0.5271137988811654,3
u025,j00309,0.12702959838914382,0.27536528500588997,0.0,2
u025,j00310,0.5944815078948404,0.6434325099965547,0.3973906875726484,2
u026,j00311,0.6160997485232055,0.4696142574135065,0.616538097258523,3
u026,j00312,0.3370653647867368,0.3043029934996145,0.29071456714816735,2
u026,j00313,0.6814358167261757,0.5731896302032744,0.6382814620585917,3
u026,j00314,0.8409674005951581,0.7355494602093896,0.37679681590346026,3
u026,j00315,0.5679069933643217,0.44858506841130025,0.5143818521616254,2
u026,j00316,0.48197020002986146,0.7241191556898501,0.36982667225617816,3
u026,j00317,0.28048069616800303,0.28283469509128184,0.160682218614156,2
u026,j00318,0.7884298824255608,0.9070701827485211,0.3491840529640968,4
u026,j00319,0.8892656831076943,0.7898460401340648,0.5110158384601884,4
u026,j00320,0.761481587448072,0.8259324874154093,0.5407810677203316,4
u026,j00321,0.4389351963569047,0.4008093847461566,0.36624502097036654,3
u026,j00322,0.6325375177520847,0.4921353996802152,0.5700605675978214,3
u027,j00323,0.2951540563559688,0.2860399335188661,0.04324582202700747,1
u027,j00324,0.40310568588847795,0.33951315355297923,0.3158678479302875,2
u027,j00325,0.8827172833939261,1.0,0.5877897238428186,3
u027,j00326,0.5134416723420515,0.5191970458598372,0.4091857501282134,2
u027,j00327,0.1461327324330483,0.06669487109745523,0.18459915290088855,0
u027,j00328,0.403062811311809,0.3928760330915266,0.09564537865735148,1
u027,j00329,0.8075134939022159,0.8642022472478612,0.5643067122156208,4
u027,j00330,0.6478591922454573,0.564378626903673,0.29087272591847135,3
u027,j00331,0.7040338362497005,0.6960979224946018,0.37339807967072863,3
u027,j00332,0.6514371930919998,0.4590459370740858,0.17602504246030737,2
u027,j00333,0.2421634416378649,0.09682281012417115,0.2791290270064841,1
u027,j00334,0.2670615831107501,0.24433194259296415,0.20282727614481022,1
u027,j00335,0.9420742203456912,0.8342201345469158,0.45990491038113535,3
u028,j00336,0.7178569771101235,0.3012853900775176,0.3146408673151186,3
u028,j00337,0.723843540753446,0.41133787795818993,0.5365327005468864,3
u028,j00338,0.3979797412838145,0.4868506454561802,0.011797681297692597,2
u028,j00339,0.41227195491984914,0.3311869854204557,0.29371323106709807,2
u028,j00340,0.14100396478013663,0.23947061506090137,0.0,1
u028,j00341,0.8432545574721284,0.9372614185860398,0.5525473573238155,4
u028,j00342,0.8087550300023437,0.8361842133044914,0.4415618600181558,4
u028,j00343,0.35003801929383643,0.4280920303981731,0.01956456824171282,2
u028,j00344,0.28501837739653046,0.1702771514185728,0.2905213230479987,2
u028,j00345,0.4424486608642913,0.47005715196725956,0.38437552596871305,3
u028,j00346,0.6806620358249474,0.7454649436189781,0.5423886096704972,4
u028,j00347,0.3223916152475799,0.19138751011086222,0.1676091753021458,2
u029,j00348,0.6551474186131809,0.7097228389702666,0.5921606675571945,4
u029,j00349,0.5808853435289766,0.6647447539532807,0.4697656821286921,3
u029,j00350,0.6116679235778526,0.57808315323793,0.35634192810323617,3
u029,j00351,0.693021384138588,0.7750497029226453,0.2802216122169315,4
u029,j00352,0.5355115641408414,0.4587398208475455,0.2204523686712783,2
u029,j00353,0.09486221161256839,0.030566036046292655,0.0,0
u029,j00354,0.6079061980817115,0.5894880846070087,0.5931441610425672,4
u029,j00355,0.7241061202119364,0.6084550490666631,0.36330164691409905,3
u029,j00356,0.7724416198865035,0.7817384661349711,0.5061490267896873,3
u029,j00357,0.4775166325996369,0.2979331219888274,0.23675805265871108,2
u029,j00358,0.11266802043786794,0.0,0.0,1
u029,j00359,0.4406995320714088,0.28474978364009706,0.4329495351318623,3
u029,j00360,0.6250348864871458,0.7361623718245817,0.5901736405675273,4
u029,j00361,0.5365625754174017,0.6622407002119755,0.5510323016563472,3
u029,j00362,0.557460325586126,0.36263369702335,0.5588752318908636,3
u030,j00363,0.789993324072364,0.7871670659674554,0.5268421881652294,4
u030,j00364,0.7867075289156893,0.7340268148111418,0.8131328558717955,5
u030,j00365,0.15322445376713267,0.18853134924875192,0.07209594758954456,1
u030,j00366,0.15662691842094434,0.12053052095491287,0.022630856689154585,1
u030,j00367,0.5047631096819594,0.5626329840036383,0.16768481342827687,2
u030,j00368,0.6825920555989091,0.608245374596307,0.6387611460841381,4
u030,j00369,0.655298847045352,0.6275948821839797,0.6766982924299015,3
u030,j00370,0.8921524988053078,0.647888797667163,0.5420731787774284,4
u030,j00371,0.43031795884785284,0.4286574293165444,0.1977634050838709,2
u030,j00372,0.82459195341608,0.7655089845368585,0.6957701517990127,4
u030,j00373,0.4360826426613448,0.30586457947440904,0.18144627036609803,3
u030,j00374,0.5292110083183924,0.4731946340752889,0.4527802811204793,2
u030,j00375,0.41518297079752403,0.38760701512850076,0.16291711441921977,2
u030,j00376,0.8032976964330791,0.9049373469558142,0.6253225610709315,4
u031,j00377,0.9100026028059844,0.9766641203670542,0.49919884524127495,4
u031,j00378,0.41985813115621873,0.6292148319472605,0.18746371359697717,2
u031,j00379,0.5189932215003841,0.3536791214098756,0.2785791544246275,3
u031,j00380,0.5990464757904538,0.31936790416482586,0.2890886232718627,3
u031,j00381,0.7136507293826193,0.7239331887510224,0.4491958613298752,3
u031,j00382,0.73464921942635,0.7187987787640527,0.5407676725937524,2
u031,j00383,0.20491662782014256,0.07148058472724292,0.0,1
u031,j00384,0.6759789132117668,0.4256810101409722,0.44515479972067684,3
u031,j00385,0.8371246467445533,0.8295016977907107,0.5446319237830574,4
u031,j00386,0.5811591441121841,0.5578852160590656,0.3073157526123512,3
u031,j00387,0.08067022316025248,0.005748776394665589,0.028790352563799297,0
u031,j00388,0.03259792482908076,0.14875870182195677,0.12054684608128238,0
u031,j00389,0.46127136956531656,0.3731705137118971,0.3351892921577556,2
u031,j00390,0.6048050354815837,0.6796936052959208,0.4848279442310332,3
u032,j00391,0.6060131170157556,0.641602182432647,0.49368690120116654,3
u032,j00392,0.42038983234784427,0.4576607834125686,0.13939429711436008,2
u032,j00393,0.7898175259917501,0.6590615615106635,0.4351579819750696,3
u032,j00394,0.48997937777417505,0.49370476550565784,0.20682213741988448,3
u032,j00395,0.41674356875925395,0.2857115007118164,0.42525762325695404,2
u032,j00396,0.7524528049368343,0.6793046654765164,0.5961979072706525,3
u032,j00397,0.8511060683614362,0.7674934501498872,0.6830782329157143,4
u032,j00398,0.4824952375589403,0.4745287234481437,0.39019417338621226,2
u032,j00399,0.5705994294489277,0.5310656950872767,0.5092002062574937,3
u032,j00400,0.69854372547146,0.7135875633632803,0.6024989098280693,4
u032,j00401,0.3277873587264933,0.36785055471471745,0.4441561683832228,3
u032,j00402,0.10625247200936329,0.1818224574172042,0.1323980085099347,2
u033,j00403,0.6345228231138684,0.6519093630854954,0.4477514326724512,3
u033,j00404,0.9095213959352406,0.8431383339230543,0.6918123711033817,3
u033,j00405,0.45800133923369307,0.6925002312837274,0.24473893182429463,2
u033,j00406,0.7252690473091566,0.5720562930534263,0.659407788427663,4
u033,j00407,0.4410611862371854,0.508606889458108,0.1767706773407216,3
u033,j00408,0.3052527062889186,0.4649567679329787,0.27590671945652956,2
u033,j00409,0.4084527345614558,0.4374113667514695,0.113264801650093,2
u033,j00410,0.8355494635300139,0.9690981436157258,0.5737924896297508,4
u033,j00411,0.6902013570503861,0.5545275168578829,0.5765476335203106,4
u033,j00412,0.28618296138347404,0.29515611353411025,0.12286362638529608,1
u033,j00413,0.617410544781094,0.5961976452072002,0.19989463651720382,3
u033,j00414,0.8187095690861389,0.7631716867253976,0.3926165700519255,3
u033,j00415,0.47065011255523753,0.4159156132583349,0.35666907180576196,3
u033,j00416,0.25328194291156964,0.20765295619994525,0.17258148448188226,1
u034,j00417,0.9062546775595001,0.9283148195182006,1.0,5
u034,j00418,0.4600247724731613,0.45706589878538206,0.45932588206523717,2
u034,j00419,0.6096644798565186,0.8295713250740229,0.5488879002173029,4
u034,j00420,0.36564260944294663,0.3820612290035018,0.2141173174874491,2
u034,j00421,0.7881792744916765,0.9378062803558428,0.5424248907392687,4
u034,j00422,0.5348937111480097,0.2991786084797361,0.337918000897354,2
u034,j00423,0.5369446838874926,0.5724196225371441,0.14836489630812616,3
u034,j00424,0.5350596153314091,0.569961951352614,0.2833604416306137,2
u034,j00425,0.2606552539586129,0.12807171879111048,0.21553989182310904,2
u034,j00426,0.37399717458704923,0.2726093601777924,0.18211587801979467,2
u034,j00427,0.18377868544254586,0.08314838962887813,0.0,1
u034,j00428,0.7188373131817803,0.5767710920554804,0.4985272792966109,3
u034,j00429,0.43470124516772524,0.16611349716872859,0.0,1
u034,j00430,0.8431834346428285,0.9837829120564946,0.5354280112981094,4
u034,j00431,0.17422373232238322,0.20007131297713776,0.024331703781173775,1
u035,j00432,0.6151063625503786,0.4287305161461191,0.385349849257134,2
u035,j00433,0.390368438072265,0.2547601173874221,0.4876254594332401,2
u035,j00434,0.6477113224944854,0.7368544600437532,0.4704783357925923,3
u035,j00435,0.4485289160217979,0.6040335298453596,0.2085610388283627,2
u035,j00436,0.5547733492191829,0.41410209487220284,0.560373224341213,3
u035,j00437,0.4440705583148708,0.6207910394049887,0.14760146776605146,2
u035,j00438,0.6475244263358442,0.5913123645422002,0.280062887040161,2
u035,j00439,0.5392626549311131,0.18032633842302637,0.6888294897766549,2
u035,j00440,0.5013969952024345,0.5693273131317402,0.455829939643655,3
u035,j00441,0.15866262680288973,0.13027599233661621,0.07053983990462326,1
u035,j00442,0.16125115246957614,0.0609183129640241,0.0,1
u035,j00443,0.9585389167722398,0.9503028312419836,0.48962208219219006,4
u035,j00444,0.7308145722740662,0.8330760384510284,0.699288663863986,4
u036,j00445,0.9039398123915505,0.7887342569580149,0.7027653037748627,4
u036,j00446,0.7190574198476023,0.7369266289491669,0.4014240554535647,3
u036,j00447,0.7496406600560247,0.6006293909982298,0.5148522689055957,4
u036,j00448,0.4406912770263062,0.2582263189419184,0.2733966393217464,1
u036,j00449,0.4324242168860691,0.37588925866792366,0.0,1
u036,j00450,0.7709005074413569,0.7627071927246363,0.4119247876620281,4
u036,j00451,0.29725977747122784,0.24168041402097995,0.08925050830215571,1
u036,j00452,0.6108083191991382,0.6511368593502185,0.7211420034853424,3
u036,j00453,0.3188173725712241,0.20094208846066258,0.4816919618099223,2
u036,j00454,0.6219871194065749,0.6435668489511237,0.5085030726203289,3
u036,j00455,0.21110614726006913,0.17075557861834048,0.0,2
u037,j00456,0.46221601259838424,0.6010975700052122,0.5165408142285126,3
u037,j00457,0.3068325332501972,0.26688928472429585,0.034803814948198286,1
u037,j00458,0.3580373054458125,0.4004630490296537,0.2122365295616057,2
u037,j00459,0.6877582990045186,0.8835811268952116,0.7253878701534578,3
u037,j00460,0.39036397317909,0.3625084549532755,0.4479470297719164,2
u037,j00461,0.46857537815307065,0.6148518729283102,0.42894424538140535,2
u037,j00462,0.4717709793382908,0.6526870064079329,0.22641685372527,3
u037,j00463,0.271550738609321,0.34113361284473687,0.2011006949126925,1
u037,j00464,0.5288301299537737,0.5820503364239167,0.1974008332796254,2
u037,j00465,0.5359106043895052,0.5019339367802531,0.5995527580864876,2
u037,j00466,0.36480748609390495,0.22888719986867742,0.30701860565892686,1
u037,j00467,0.4228245244339352,0.5115829026408958,0.30849933593173223,2
u037,j00468,0.44329417774156354,0.36209368135180187,0.460994860788068,2
u037,j00469,0.38937339117321146,0.4425336468268965,0.11963544346361993,2
u038,j00470,0.32216201229435687,0.467391232355182,0.1851609266438264,2
u038,j00471,0.6354688683053734,0.5278718010275485,0.5464321360667247,3
u038,j00472,0.6340529433032532,0.7148287857860187,0.08829918830240541,3
u038,j00473,0.35756264757944095,0.4122711509999253,0.12933944873516345,1
u038,j00474,0.8640127512319494,1.0,0.475883919892338,4
u038,j00475,0.46377621010697256,0.3734839816246084,0.43883918158629864,2
u038,j00476,0.4263394435427652,0.4841534884861193,0.1940583974582193,3
u038,j00477,0.15840592752828606,0.3779603517342165,0.06884378360026522,1
u038,j00478,0.08542654292312704,0.2227792967691378,0.09125557492579396,1
u038,j00479,0.7755882069464415,0.6943487903314177,0.6308616911992295,3
u038,j00480,0.26957455613125325,0.4643661383895974,0.3262994634956936,1
u039,j00481,0.8570862483667736,0.9436637672176548,0.6927548918732027,3
u039,j00482,0.2302160808278435,0.35896248998699076,0.209966785494562,2
u039,j00483,0.8674454476948016,0.7389431574526689,0.8939246764573197,4
u039,j00484,0.4945497219829597,0.5038070962889348,0.37389137660523425,3
u039,j00485,0.16069646348870845,0.0,0.27129680392467775,1
u039,j00486,0.8082736509192173,0.932671270449528,0.6562786807291612,4
u039,j00487,0.4337167388242829,0.3279885384249278,0.19676860262964038,2
u039,j00488,0.539257496495854,0.3897862271021074,0.24573178597013692,2
u039,j00489,0.4282521278854373,0.5340210313562659,0.40794679390164335,2
u039,j00490,0.70704236951065,0.6709877852525199,0.5068693380138605,4
u039,j00491,0.31471833648978415,0.12733914979676103,0.4458158098071987,1
u039,j00492,0.46403773574231244,0.49700676407187383,0.5163712229328469,3
u039,j00493,0.46389613478415614,0.32549407351264104,0.4953244757036187,2
u039,j00494,0.12555854187707113,0.20990435770848576,0.16769190913724125,1
u040,j00495,0.7548628061052428,1.0,0.37619004029579217,3
u040,j00496,0.22910442266949418,0.15204106436538167,0.18979281472223203,1
u040,j00497,0.15114740304501068,0.1508589421347482,0.017412434363111545,0
u040,j00498,0.49974874401660746,0.5284082703589771,0.5882999675387278,3
u040,j00499,0.9004187461972364,0.9607528774246596,0.89974724577711,4
u040,j00500,0.5276429813897495,0.5089750980471293,0.21539470582294082,3
u040,j00501,0.12871676471955842,0.21018851952667184,0.06955241188732215,0
u040,j00502,0.44832708348956685,0.4889173819930682,0.3256155129005692,1
u040,j00503,0.770360237808928,0.6319603494242386,0.28615051439964306,2
u040,j00504,0.07326510907480924,0.0,0.11135778432831576,0
u040,j00505,0.740124743123767,0.5382056998290446,0.3644830315536799,2
u040,j00506,0.46869185935749436,0.549864877336867,0.6528427117212363,3
u040,j00507,0.36695262296647524,0.2690065536214395,0.26858829552197977,2
u041,j00508,0.6838502457953128,0.6310146313424059,0.7745764985751902,3
u041,j00509,0.35253912679595456,0.6251130962466901,0.186117775279574,2
u041,j00510,0.501721055382138,0.40409741345818967,0.4166010471925034,1
u041,j00511,0.5963928128484363,0.51540073059357,0.35701357063415073,3
u041,j00512,0.304519109200018,0.23377102312092987,0.01926957436717322,1
u041,j00513,0.38905203741596733,0.17593062693015907,0.4319275743253055,2
u041,j00514,0.5207264595095787,0.5895689031098852,0.4428461170593719,3
u041,j00515,0.6824608801194373,0.5278639660238128,0.521629938404884,3
u041,j00516,0.7326919538699632,0.7485646887296538,0.49615804363753274,3
u041,j00517,0.5055974273814874,0.49027886559930456,0.26982705363994464,1
u041,j00518,0.8073980891634758,0.8300914351559486,0.8195370940860629,5
u041,j00519,0.3578950820988637,0.3789294955709346,0.050017741637815,2
u041,j00520,0.6235189457578066,0.7220349718820147,0.42275332840409746,3
u042,j00521,0.7310964102815339,0.848434276243878,0.1959204459210251,3
u042,j00522,0.9873064601758557,0.9484939160705032,0.5395247891337619,4
u042,j00523,0.627980350417233,0.5887382723040605,0.40756772838949734,3
u042,j00524,0.7118524599847873,1.0,0.4708241513313569,3
u042,j00525,0.3624060382216259,0.36854978644735614,0.024589873190966755,1
u042,j00526,0.22456959555173361,0.3686913668923605,0.19964064456233624,1
u042,j00527,0.7110822962148937,0.7620095687582152,0.1662511889568986,3
u042,j00528,0.5286177803712192,0.40849031476508724,0.32747974220813053,2
u042,j00529,0.6992445604395523,0.573087371042831,0.3124286517342558,3
u042,j00530,0.943873587018182,1.0,0.5670967040638708,3
u042,j00531,0.35575233578029924,0.3933281925818779,0.2097048634660236,2
u043,j00532,0.5474786306456118,0.32578962450226195,0.4011685801417009,2
u043,j00533,0.34500050114981806,0.3597698853485598,0.10781757578886,2
u043,j00534,0.32891818160682806,0.3243413713538302,0.23771314576020453,2
u043,j00535,0.5937771375465835,0.751215186175457,0.4372955163771125,3
u043,j00536,0.5510227947578514,0.6137302252628907,0.11049475188531266,2
u043,j00537,0.754614829141843,0.5993939141173514,0.42037938024707944,3
u043,j00538,0.522540902059025,0.509658327173343,0.5156914863430042,4
u043,j00539,0.8025076456454531,0.9233636460222322,0.5202599715776002,4
u043,j00540,0.47654431620065957,0.34062466577350187,0.4474577967462508,3
u043,j00541,0.7097972336716709,0.6883060394697321,0.556231030734558,4
u043,j00542,0.6446970735340241,0.694728613925802,0.6305023807553575,4
u044,j00543,0.17169585773715207,0.3994278997466693,0.0,1
u044,j00544,0.7802195551379405,0.7036263192542829,0.5107581905149126,3
u044,j00545,0.5274928087245057,0.5126448871125349,0.43791580759602167,2
u044,j00546,0.5225624371693175,0.46807840753098423,0.40459287819683043,2
u044,j00547,0.7122514318486434,0.7656242887884347,0.374727949873729,3
u044,j00548,0.25160016045412587,0.25265953704621325,0.12211422200434069,1
u044,j00549,0.5108451254821665,0.6539733453321362,0.16891136445118338,2
u044,j00550,0.4629513827028838,0.41179915590171273,0.47848459013177225,3
u044,j00551,0.1644558176416119,0.17323945656181525,0.09258262402938933,1
u044,j00552,0.421356525469707,0.38126015165452587,0.3854137705711199,1
u044,j00553,0.783937330195495,0.847940439560149,0.6746764068146072,4
u044,j00554,0.6121851701293357,0.6851726375662132,0.5684988299416954,3
u044,j00555,0.4435910003730223,0.4267459933043819,0.356655600489495,2
u044,j00556,0.7068105541967574,0.6751100330069173,0.27938095935745105,2
u045,j00557,0.16591500738093956,0.4428649574548728,0.14836448108414788,1
u045,j00558,0.06572712994433813,0.12695444736469103,0.0,0
u045,j00559,0.6362487063713277,0.5368651536154996,0.5798623925953321,2
u045,j00560,0.49540011709537496,0.32630728576465773,0.28548469508626195,2
u045,j00561,0.5611006744409889,0.5812678511570073,0.3978555897275112,2
u045,j00562,0.5759663149518705,0.5631877689702048,0.33510754769169676,2
u045,j00563,0.660793063544981,0.9058421883622303,0.4306908049949167,4
u045,j00564,0.44297711005702956,0.4727699820064031,0.06624407204100294,2
u045,j00565,0.27966114939260733,0.21331064890853108,0.03619436215952038,1
u045,j00566,0.807540640423412,0.9179420156240595,0.5200739802303606,4
u045,j00567,0.6804070725669933,0.6412035269846296,0.3381975166960134,3
u045,j00568,0.37061882428447873,0.4288189792672661,0.18925984957429517,2
u045,j00569,0.41153821636058496,0.36204855817460735,0.5235567168914045,2
u045,j00570,0.5604658752969826,0.6723951082984521,0.0573342898045231,2
u045,j00571,0.31257841693023575,0.07635791131766931,0.3373616706075928,2
u046,j00572,0.7740911584056067,0.7136706589791308,0.5276702419865313,4
u046,j00573,0.6521222341619576,0.5100385671752504,0.5170059016295578,3
u046,j00574,0.7941877161734926,0.748538845284191,0.506284675279404,4
u046,j00575,0.6821929919289845,0.6187973463294271,0.2672488841928534,3
u046,j00576,0.7698632520658336,0.736488944428485,0.48832605577740756,3
u046,j00577,0.122987403377196,0.22237496619935074,0.012982769920521414,1
u046,j00578,0.7400163732114691,0.700663342779386,0.6381736058162562,3
u046,j00579,0.8927301711484902,0.9636920801594983,0.5444852948103447,4
u046,j00580,0.2838806450752048,0.36340774425751676,0.07764545410574292,2
u046,j00581,0.8064123502638509,0.8253437229791033,0.5275523268923881,4
u046,j00582,0.8079997338701812,0.8821728261750518,0.7920184677202804,4
u046,j00583,0.12814085317145657,0.14920520072088833,0.1343078252496858,1
u046,j00584,0.18656965577677878,0.23433301937220313,0.01060768303845501,0
u047,j00585,0.266767286031027,0.4339818293339588,0.29331946556638666,2
u047,j00586,0.5935102539579815,0.5252269704849583,0.6576739963770648,3
u047,j00587,0.9035288970377249,0.7336968340068224,0.6652503342880492,4
u047,j00588,0.5097756691234443,0.19916567325894036,0.6351684656055505,3
u047,j00589,0.7913351996409161,0.9065717751946926,0.6233071833586693,4
u047,j00590,0.29692955200491034,0.37593665343560917,0.21686358559571178,2
u047,j00591,0.8913093163743732,0.8493765971083385,0.5080312091486251,4
u047,j00592,0.5097080433944567,0.49923732181250324,0.43744011581860165,3
u047,j00593,0.7265931596304626,0.9886847676361172,0.5941912929945011,4
u047,j00594,0.2753456276867831,0.05013938000485471,0.08299717854446895,2
u048,j00595,0.3762975414256446,0.30331036053227345,0.3178756231596297,2
u048,j00596,0.27875274539380196,0.32034908898170267,0.24726116384619415,1
u048,j00597,0.5296484202762128,0.5978208048916503,0.21330556935685782,3
u048,j00598,0.9655559684436285,1.0,0.7588615513674213,4
u048,j00599,0.8675076313245735,0.6304490987785171,0.7199202601032979,3
u048,j00600,0.5112704048948418,0.4457370845662134,0.6043960067970693,3
u048,j00601,0.32464731077522085,0.16062430718152168,0.31613820861975417,0
u048,j00602,0.5199511520177111,0.44676306047308045,0.21621683753984552,2
u048,j00603,0.6044439633652052,0.5423208546208995,0.40989708775128264,3
u048,j00604,0.44464840673846967,0.30999001819274996,0.19408042799726166,1
u049,j00605,0.615835949785936,0.4776975013995917,0.005223365927341184,2
u049,j00606,0.5130099355334277,0.5093616035497679,0.11672393676182843,2
u049,j00607,0.7285468805555771,0.7160257453971501,0.5689788738897025,3
u049,j00608,0.510635497759577,0.5958096126296195,0.5767742392393493,3
u049,j00609,0.7016141565438699,0.5875048689814021,0.5389080603005401,3
u049,j00610,0.25441904257877324,0.38970392383223995,0.26389427155021217,2
u049,j00611,0.19731967724693542,0.15374567790826743,0.0,1
u049,j00612,0.5216918740983981,0.6982590999002545,0.5618594365392724,3
u049,j00613,0.6318456835410918,0.5000112325197543,0.6553676215694237,3
u049,j00614,0.3698120260540308,0.46224207981055876,0.34819205288371013,2
u049,j00615,0.4601753788629135,0.6223041259524902,0.45505144349175874,3
u049,j00616,0.3681921310167041,0.345765831371026,0.42963901333300264,2
u049,j00617,0.9257462743540317,0.8966224246149979,0.36452086637038067,4
u050,j00618,0.2632550289143078,0.18700425609401716,0.23043001825018253,1
u050,j00619,0.12803841058027304,0.09887106671456906,0.08997007782771674,1
u050,j00620,0.6758829541565078,0.670798744891507,0.6068136209400188,3
u050,j00621,0.3512343282774557,0.16896502926664758,0.0,1
u050,j00622,0.6425778431764061,0.6384352271966488,0.5983294260673776,3
u050,j00623,0.6850480938387882,0.6865875310640304,0.5515077209921766,3
u050,j00624,0.25300839394438085,0.18054158006568655,0.3250623516469572,1
u050,j00625,0.19826710308952802,0.17722168838168514,0.21251281924968715,1
u050,j00626,0.576013333101535,0.6930947345541134,0.4449616283677749,3
u050,j00627,0.43817687006184697,0.3807258414792444,0.3606451786753617,3
u050,j00628,0.3806558536391978,0.49303634764685633,0.0,2
u051,j00629,0.5831349728523578,0.6123738396966836,0.24466321997673598,2
u051,j00630,0.4559830678842277,0.47390581206012194,0.3932977353652873,1
u051,j00631,0.5696624346690997,0.6654036882565917,0.11986318851936117,3
u051,j00632,0.6635191667005396,0.466412764264565,0.5131322073432553,2
u051,j00633,0.03000888818088983,0.02934165294312136,0.1977831251963863,0
u051,j00634,0.5655388344179769,0.7973716793890676,0.160244965523697,3
u051,j00635,0.2927069070966247,0.464917395003293,0.15279949162396086,2
u051,j00636,0.3110915910673719,0.24547462031865652,0.22154574387817264,1
u051,j00637,0.3519596839306336,0.3772398997550069,0.4049242211936638,2
u051,j00638,0.6474566201441736,0.3761016969341572,0.3178910680300966,2
u052,j00639,0.4647152050758742,0.4297041692048498,0.04217085810189308,2
u052,j00640,0.735133671440177,0.5463197002279108,0.3314319503949138,3
u052,j00641,0.1588846109587477,0.04289406404050988,0.0,0
u052,j00642,0.5451387537313613,0.6363294828970579,0.6109927567849858,3
u052,j00643,0.1822377355752542,0.25491048349101175,0.1067088669345981,2
u052,j00644,0.4781989409330871,0.4102176215053105,0.1667117428500802,2
u052,j00645,0.9022474339152389,0.8071446202614133,0.8790407566767874,4
u052,j00646,0.6607483259583294,0.5242868728620222,0.32859938857311866,3
u052,j00647,0.5891164080782979,0.7098273494938678,0.35292215762834034,3
u052,j00648,0.27819340439292106,0.3906414294051648,0.10637184969533456,2
u052,j00649,0.08753929473647111,0.0,0.12459379533901563,1
u052,j00650,0.8413480038157064,0.8617722497549103,0.7322421729896328,4
u052,j00651,0.8060895787163406,0.6162283671148053,0.5668810248893368,3
u052,j00652,0.4200680253947879,0.34771223737652873,0.34173387539070277,2
u053,j00653,0.5475334449396879,0.4485799748875166,0.6621200656242945,3
u053,j00654,0.768527270644758,0.6719321402322613,0.3741509093990455,3
u053,j00655,0.5554789818573274,0.2708798585542603,0.6951457352393111,3
u053,j00656,0.272088813785707,0.4050539567916951,0.0993413265069488,2
u053,j00657,0.6900993670418937,0.7518853985710583,0.6060583448246106,3
u053,j00658,0.21982892091246492,0.2583341022546142,0.12919609919532432,1
u053,j00659,0.5041204162005144,0.6327520000259301,0.405727857965303,2
u053,j00660,0.402318664070827,0.35756580161921064,0.5588756592396928,2
u053,j00661,0.33439683753052496,0.40746548028108076,0.12202188816647626,2
u053,j00662,0.4436425335041384,0.5786229807180227,0.5003666014366449,2
u053,j00663,0.593859855814404,0.4925409713524355,0.5659068675137122,3
u054,j00664,0.3168731531738094,0.4363669005791128,0.30120713899025253,2
u054,j00665,0.22971858784904525,0.2897357518227113,0.12892780679065688,2
u054,j00666,0.9338581486111118,0.7810120605240579,0.7039538983980936,4
u054,j00667,0.23475662370082595,0.27034585632446256,0.17869001167056264,1
u054,j00668,0.2434650655420751,0.33311380680366137,0.3802141965733684,3
u054,j00669,0.7036871548793007,0.5649172568700378,0.5500433319722333,3
u054,j00670,0.19883112658544422,0.422898031102922,0.32566693818173054,2
u054,j00671,0.742029799055948,0.8328175600455248,0.5493436542556006,4
u054,j00672,0.6085032353020636,0.5444406437750196,0.32787027766362953,3
u054,j00673,0.4210525516042249,0.35170205838429963,0.10925873567095662,2
u054,j00674,0.7541987337428856,0.6932707373553149,0.24902711472808092,3
u054,j00675,0.6939014196295814,0.5316003768966947,0.5328734070016624,3
u055,j00676,0.6455197616749754,0.6396151717341712,0.5252264148950941,3
u055,j00677,0.6848194576340264,0.5725479017825353,0.6831610507864927,3
u055,j00678,0.1911585463067078,0.3527557580788456,0.0,2
u055,j00679,0.837074033285472,0.9287372754814828,0.7318444697059917,4
u055,j00680,0.3651134923526359,0.5090985504063179,0.3669482816857382,2
u055,j00681,0.6006086156386112,0.4757853692607035,0.7122052920885678,2
u055,j00682,0.3535398857598965,0.339773830864947,0.23240656194617174,1
u055,j00683,0.6193538883875132,0.7240928105081893,0.28862421336569666,2
u055,j00684,0.38925607642584226,0.352665410942963,0.1119505190639398,2
u055,j00685,0.2778974973810403,0.3729206146276084,0.10893218363671128,2
u055,j00686,0.2404854441767798,0.3435280655526549,0.07887809972841393,1
u056,j00687,0.7426510833929298,0.6014156298605337,0.7929373445663231,3
u056,j00688,0.5170993814229874,0.5335000059625333,0.3337303667331452,3
u056,j00689,0.5158835920550782,0.44225307941154285,0.3905546555385628,2
u056,j00690,0.7270376555889384,0.8382154806015644,0.5432258131327647,4
u056,j00691,0.390098443953267,0.3596573146481813,0.16307914674433377,2
u056,j00692,0.17536830846229198,0.14349368984862745,0.2782351534492696,1
u056,j00693,0.5652758386593343,0.528117872980767,0.3597542383634777,3
u056,j00694,0.8263589956862359,0.9069627777447871,0.4925490509564703,3
u056,j00695,0.3911401469088717,0.44217870390848496,0.36381594545570173,2
u056,j00696,0.1512076207931731,0.0,0.30306753128186337,1
u056,j00697,0.39237321925675556,0.4078073133053515,0.536947640588509,2
u056,j00698,0.14867423255893433,0.1825044871340918,0.0781614390162034,1
u057,j00699,0.3529745985985048,0.6115660398844818,0.1271377453938975,2
u057,j00700,0.10840197150990125,0.06958444088470597,0.0,0
u057,j00701,0.7397787714912658,0.744046700375225,0.33261828299352236,3
u057,j00702,0.27477813261770223,0.12381516919024799,0.3020848581561576,2
u057,j00703,0.4792072150041086,0.5093652127926809,0.15933393076152985,2
u057,j00704,0.46434444889947796,0.3860788301078173,0.08427686962304265,1
u057,j00705,0.13883995423146267,0.2020677050713579,0.16220889270837968,1
u057,j00706,0.3787718601043673,0.5330180935860798,0.17130320641985114,2
u057,j00707,0.4764075855821192,0.4183133662319411,0.40699725414520777,3
u057,j00708,0.7054764873381018,0.7206460268701359,0.31719188996490527,4
u057,j00709,0.5404497921762089,0.5538656911606155,0.07336474417283911,3
u057,j00710,0.33563821360760593,0.3250633526868026,0.4732228436783685,2
u057,j00711,0.2546835604945848,0.3696243162275769,0.18159390482368773,2
u058,j00712,0.6678177624669585,0.29585729973296593,0.4867703759200034,2
u058,j00713,0.7395842897512049,0.7513218849224018,0.6054114951135318,4
u058,j00714,0.7006430223847625,0.8427534323085385,0.4019534620564419,3
u058,j00715,0.15895337652476224,0.20505762516546983,0.15044388461350994,2
u058,j00716,0.6829984160797999,0.6344889441761326,0.517918290180219,4
u058,j00717,0.39126113875221946,0.3935868872759825,0.4356628290359956,2
u058,j00718,0.3925103151285468,0.5325245143129317,0.6880398821479681,2
u058,j00719,0.7446788376643676,0.712806290430035,0.4612934505648016,3
u058,j00720,0.9010699191528895,0.8547877594668257,0.7036766621413134,3
u058,j00721,0.05812610027781311,0.0,0.0,0
u059,j00722,0.11235228432296612,0.0007156005804327265,0.29274240366945875,1
u059,j00723,0.9295726547367487,0.9664541287417051,0.6135379955797676,5
u059,j00724,0.32184686989963723,0.1624265664178224,0.21589557561147282,2
u059,j00725,0.37818090670649857,0.4824336067773911,0.08677617062807083,2
u059,j00726,0.7594536961901646,0.7036945619256195,0.734245436937966,4
u059,j00727,0.31898764219215864,0.4012584117479686,0.202044061632992,2
u059,j00728,0.7486937638770227,0.7142574074955391,0.43980931981116106,4
u059,j00729,0.3495949021447201,0.4540844994953285,0.38703839597204703,2
u059,j00730,0.6970599574756852,0.5975899853949405,0.4765612526302261,3
u059,j00731,0.5430502191695556,0.5606824549759581,0.30181541791569005,4
u059,j00732,0.7818019672435633,0.7225950772783766,0.34625056640190405,4
u059,j00733,0.22275626508566104,0.34201013082931375,0.3620165433416801,1
u059,j00734,0.667251129363533,0.727247132434715,0.3513099969455418,4
u059,j00735,0.4292572703014538,0.3306081488821025,0.11758741923268853,2
u060,j00736,0.526471599895174,0.41046364971784005,0.469166807168153,2
u060,j00737,0.6444210467801105,0.7217632657775455,0.590331586447726,3
u060,j00738,0.43259634960180365,0.4690088119517825,0.22507954889208218,2
u060,j00739,0.6131893857632984,0.7407082606578016,0.3728875201694785,3
u060,j00740,0.687651450880225,0.5797699442341088,0.5694647705870592,3
u060,j00741,0.6778116605720427,0.5229442899384964,0.4529793250958009,3
u060,j00742,0.040200513159901266,0.09676281205922872,0.028612518247879876,1
u060,j00743,0.883319665669554,0.893259574131726,0.5090979808232154,4
u060,j00744,0.5024901716552534,0.4540776478206905,0.3877739967506108,3
u060,j00745,0.4716775747814798,0.4481937510438516,0.4891877633333357,2
u060,j00746,0.4965887877367801,0.4812255635787916,0.24925899349652952,2
u060,j00747,0.16867629948353494,0.35212604154844396,0.10591651493021288,1
u060,j00748,0.06645380383229353,0.0,0.10495834129640363,0
u060,j00749,0.15072632943778538,0.2185074124698001,0.350878101526822,1
u061,j00750,0.15790807671046322,0.23309945270997068,0.0933153163834647,1
u061,j00751,0.3728865168212061,0.45825578635706554,0.7279570919314204,3
u061,j00752,0.35322886172530654,0.19002230319519442,0.3571845654809763,1
u061,j00753,0.589737798501766,0.7815364154186899,0.5228486309771161,3
u061,j00754,0.3218750145689679,0.33741977127369355,0.0,2
u061,j00755,0.4562134144298497,0.4339024767159972,0.07944017577174808,3
u061,j00756,0.23825198753491342,0.08680610474895328,0.0,2
u061,j00757,0.5320005204348714,0.6178886293753723,0.7315546493917776,4
u061,j00758,0.5452571687856486,0.6607787969720045,0.35612215334172453,2
u061,j00759,0.4622693037426846,0.21333094162072724,0.32028328301923864,2
u061,j00760,0.5071454338931968,0.5414518699640118,0.17251468310488127,2
u061,j00761,0.6199925911107554,0.5833699296530652,0.5910315829507498,3
u061,j00762,0.2003870647723868,0.22759246713325473,0.13718686173809466,1
u061,j00763,0.2862318324979591,0.35937495792299123,0.0,2
u062,j00764,0.28306660411085255,0.29331323732704756,0.049108195538491356,2
u062,j00765,0.7376807642592685,0.8524361645102301,0.8650775308594106,4
u062,j00766,0.5571346602522284,0.6323692300429642,0.3484362971346961,3
u062,j00767,0.26263187260585463,0.22112155312019416,0.23080907611018198,2
u062,j00768,0.7451365460065694,0.8298719718996885,0.7002074996083857,4
u062,j00769,0.606221219573275,0.6304195681887855,0.43566751509316154,3
u062,j00770,0.7458091372841006,0.8232136799379802,0.5202044131700312,3
u062,j00771,0.39043177984261446,0.4884522212143322,0.22452783602658638,2
u062,j00772,0.2708157257243369,0.3414358200756803,0.28960185976840447,2
u062,j00773,0.45395235947469276,0.508382622295799,0.40516877358456277,2
u062,j00774,0.525210198069179,0.4742223073648422,0.5263504968657972,3
u062,j00775,0.7123231665810851,0.6869570590029288,0.48330625787065434,4
u063,j00776,0.19059464453131703,0.18588626768746774,0.0,1
u063,j00777,0.35783104375646846,0.22220959621830644,0.6331578685049251,2
u063,j00778,0.154103217403398,0.035057990110141934,0.024817979212057723,0
u063,j00779,0.4486623715947833,0.6648339835067618,0.5471337352795004,2
u063,j00780,0.5414595235639935,0.6604695650175803,0.4058822462133747,3
u063,j00781,0.5031532162377756,0.4981980937969017,0.31800304689871106,3
u063,j00782,0.6714044502153612,0.6010957349336201,0.41766844544580656,3
u063,j00783,0.173517941097858,0.27278627401674876,0.1372515139220007,2
u063,j00784,0.6147576376661151,0.5218414670135325,0.551959813706033,3
u063,j00785,0.3370135865979466,0.3386276303522618,0.1750094110322888,1
u063,j00786,0.6795867976886987,0.7433655602662976,0.7509337800700944,3
u063,j00787,0.6994041817072052,0.947591306687904,0.5910547275109997,4
u063,j00788,0.3062319240745095,0.3030217746056129,0.43281161764909437,2
u063,j00789,0.4490705365204508,0.49993727441372915,0.2542120965326965,3
u063,j00790,0.5294233682439126,0.4315630440194861,0.31046526433249266,3
u064,j00791,0.06849429127960097,0.0,0.0,1
u064,j00792,0.28958848924671843,0.21698047467294967,0.3128120001947366,2
u064,j00793,0.4517587411551365,0.7623078179788186,0.39343185196682995,3
u064,j00794,0.8523031579101689,0.925482647229788,0.2846672182000623,4
u064,j00795,0.1163006230729448,0.16619981860758595,0.2495377026982326,1
u064,j00796,0.9001904352084291,0.8539860189172827,0.3499330216452888,4
u064,j00797,0.6394128492509039,0.601892635763021,0.49019748005511327,3
u064,j00798,0.3587797849807514,0.4756413358519297,0.1391186106377132,3
u064,j00799,0.30311267704990574,0.27187559209733325,0.18515174922900363,2
u064,j00800,0.37561961303319413,0.3966406069502745,0.11814227818330225,2
u064,j00801,0.35556775844708455,0.41263837075851445,0.0,1
u064,j00802,0.2632745911993062,0.24126539272426106,0.06853109164999699,1
u064,j00803,0.5670362154552047,0.5253738360417332,0.5125456838168388,2
u064,j00804,0.4074440019759327,0.29966367599767896,0.2439904556702497,1
u065,j00805,0.09939699638181962,0.11950540907793845,0.24391683709312378,1
u065,j00806,0.7123388557534507,0.4773578042874892,0.4916980164374641,3
u065,j00807,0.704509796157324,0.6816808948277381,0.26853985701926447,4
u065,j00808,0.8438080043001985,0.7460418225521027,0.4262325542798542,3
u065,j00809,0.4483473737632179,0.521395644458148,0.23027357574841784,2
u065,j00810,0.2664352604408163,0.24829698604600461,0.3128492813606568,2
u065,j00811,0.8966558848764881,0.6352997570131256,0.7914745635664416,3
u065,j00812,0.6306291608988991,0.638100343658419,0.31957063507692257,2
u065,j00813,0.12430205809188791,0.1352332908425975,0.11821969543792965,1
u065,j00814,0.7243814550532769,0.794797140411444,0.4059048713757747,4
u065,j00815,0.4125618617452507,0.17544626575825636,0.14182901106007936,1
u065,j00816,0.6647215220921197,0.375972943970932,0.34962502053209016,2
u066,j00817,0.48397802671761214,0.5665299833637836,0.24683712801172503,2
u066,j00818,0.8015536924924382,0.6870671579998877,0.6744374605563539,4
u066,j00819,0.08213627231356785,0.1205320952509874,0.0,1
u066,j00820,0.3088373416249732,0.4297470235565012,0.12188799337629572,2
u066,j00821,0.3159844666117124,0.44680648313416604,0.1089747169349516,1
u066,j00822,0.42461145575543907,0.5237613864761779,0.5245447402816446,3
u066,j00823,0.5276572184871084,0.5072749355657807,0.6148710472155718,3
u066,j00824,0.386834079961838,0.1311335202791329,0.2831997915411004,2
u066,j00825,0.7570939207350303,0.7109590952577793,0.7410502462220664,3
u066,j00826,0.2224223900895221,0.3673816748727685,0.0,2
u066,j00827,0.38739869506663716,0.22155658682354465,0.31551317681465785,2
u067,j00828,0.7828167091412763,0.6883999103137102,0.4302972855404632,4
u067,j00829,0.4486375962657784,0.2663612225681807,0.38029061464888225,2
u067,j00830,0.19655339061039964,0.11637707900660642,0.02039649847312068,1
u067,j00831,0.46055975193581417,0.46212495686104843,0.28944507402500674,2
u067,j00832,0.30977459865743173,0.365145578612454,0.411983446014957,2
u067,j00833,0.7207545282368769,0.6783122370888361,0.6016280725928356,3
u067,j00834,0.07002110714751758,0.27381595423875227,0.0,1
u067,j00835,0.7912466093470273,0.8400412534537481,0.7715608250861109,4
u067,j00836,0.6793118864220105,0.45858369631960294,0.007436717053837749,2
u067,j00837,0.4413040421379613,0.5241128832983548,0.2418706703591731,2
u067,j00838,0.39578972540413365,0.33844743787991266,0.10864231397759158,3
u067,j00839,0.5741547664400146,0.5760366348166095,0.5279618600983429,4
u067,j00840,0.17469529208191328,0.43731517041343226,0.08723095270107048,1
u068,j00841,0.786898779385357,0.832817205562656,0.7248813727147959,4
u068,j00842,0.13136886999298508,0.18970910174896516,0.04316337034655494,2
u068,j00843,0.6618443854973566,0.6164148163117781,0.490860975797164,3
u068,j00844,0.61887667341841,0.5912736364687293,0.578728835494785,2
u068,j00845,0.4222826332712635,0.40381400603430095,0.5946772841747736,2
u068,j00846,0.7558587363193431,0.9344660976423145,0.6958444381498464,4
u068,j00847,0.37678357947871055,0.4125977971564833,0.21928618908688408,1
u068,j00848,0.6148306866636291,0.5764918781949088,0.511812482880091,3
u068,j00849,0.5844809663474679,0.37532726268906813,0.6750276766903587,2
u068,j00850,0.5091501487962068,0.3073427245567467,0.31207976072738214,2
u068,j00851,0.07322620563698606,0.0,0.08866388635503805,0
u069,j00852,0.25459709899784116,0.4208554598600118,0.11111198182230649,1
u069,j00853,0.9081256729125723,1.0,0.8126749826026555,5
u069,j00854,0.8634576474974928,0.8781855068940855,0.4617426976900515,4
u069,j00855,0.2808835400865087,0.2131799985032503,0.0,2
u069,j00856,0.5084648046606141,0.41757311169027933,0.4056725133312942,2
u069,j00857,0.671944613440405,0.623956614627287,0.35858606386068087,3
u069,j00858,0.7185402671105497,0.7095427560212436,0.4514972979509292,3
u069,j00859,0.6106085367168753,0.6210505143639617,0.27200443990553314,3
u069,j00860,0.5063987917675943,0.5447759569963844,0.42205351280402115,3
u069,j00861,0.919335893398653,0.8672710778411503,0.9018583900502861,4
u069,j00862,0.4378991728473305,0.14929082685810535,0.3269083346053798,2
u069,j00863,0.46318407289413177,0.39429416364365943,0.2820600282926793,2
u070,j00864,0.8905938167862033,0.9532950252114647,0.3580581261894325,4
u070,j00865,0.38559480671025703,0.38016429047453665,0.08495116894495161,2
u070,j00866,0.5941845250331841,0.5327064477780927,0.3381291595800473,3
u070,j00867,0.4126678783415444,0.4255328337863604,0.24104056151487138,2
u070,j00868,0.8147866358885203,1.0,0.6749886906728441,4
u070,j00869,0.8114970432005066,0.8149999036727748,0.6727440347598692,3
u070,j00870,0.2353879703735285,0.08244567749664417,0.14405922906224766,1
u070,j00871,0.21359491800730726,0.01852963397985996,0.0,1
u070,j00872,0.5274420101568796,0.45619062338871946,0.44572806129732695,2
u070,j00873,0.6012901400419416,0.7425523356240622,0.4414150951392437,2
u070,j00874,0.7156341333763283,0.7550625153376066,0.6664265291714785,4
u070,j00875,0.7109957440618315,0.4187582642478849,0.6003215021346252,2
u070,j00876,0.263148284481401,0.3349560453958512,0.09466958142718498,1
u070,j00877,0.47198683977828126,0.4436129793699781,0.3124478441894812,2
u071,j00878,0.5240000585268604,0.7364847366149163,0.1826480463003937,3
u071,j00879,0.798041965678776,0.8845616000274523,0.4768514392661949,5
u071,j00880,0.4734123856063964,0.5487257311174905,0.12414991215494031,2
u071,j00881,0.10621240455371458,0.25542110021617404,0.25855321462882047,1
u071,j00882,0.14920552708117868,0.17531507144233416,0.00642443459810399,1
u071,j00883,0.33294387971771,0.485471718838554,0.08605137052630488,1
u071,j00884,0.5517148665508833,0.4298394759846938,0.4870444177916786,2
u071,j00885,0.07449072886851921,0.0,0.0,1
u071,j00886,0.43983883060966567,0.39414126675217936,0.07221432875908351,2
u071,j00887,0.328252994288679,0.31001690841075435,0.38879866880276576,2
u071,j00888,0.4403143083266069,0.45243832688454244,0.3786568503633836,2
u071,j00889,0.3798472025709364,0.15503424609638242,0.2061170041172784,2
u071,j00890,0.2939911061320131,0.31355906739828243,0.04641763796586404,1
u071,j00891,0.48922855781744634,0.5092272559006277,0.38051599839598443,2
u071,j00892,0.25594691605000985,0.23700587352519986,0.09875057196687888,3
u072,j00893,0.3503644625351529,0.16069198963805265,0.5584541761511211,2
u072,j00894,0.4693325773262424,0.6181249942008733,0.32864094016876605,3
u072,j00895,0.8976342121944492,0.7182634746204919,0.6484931635762957,3
u072,j00896,0.7190673540456405,0.9271993250601268,0.3570610090669074,4
u072,j00897,0.37128729858601506,0.20622599183776594,0.3503457245263998,2
u072,j00898,0.28759897286317804,0.27455644687277975,0.14457779931761333,1
u072,j00899,0.2768909931935312,0.35166147494022265,0.34584055921803647,2
u072,j00900,0.732313279280603,0.7521720064553102,0.7745423624290806,4
u072,j00901,0.8065463487309431,0.8688015108251497,0.5218455919300404,4
u072,j00902,0.20960828314111224,0.12987582128847053,0.0,0
u073,j00903,0.22094569730390953,0.12049488127010478,0.3195850419126989,1
u073,j00904,0.22137046551790146,0.3162569877427502,0.20079904493845774,2
u073,j00905,0.16848731180189158,0.13547274041128599,0.10132239690815772,1
u073,j00906,0.3592003709287705,0.2748814415147724,0.0,1
u073,j00907,0.7216945910169982,0.73001505042284,0.398011800016434,3
u073,j00908,0.47689141124791135,0.443425374751131,0.641795015434719,3
u073,j00909,0.520486144565055,0.7044309472414125,0.49363501460851145,3
u073,j00910,0.5605893507017494,0.6800965605724588,0.4163537826013493,4
u073,j00911,0.8303175558023895,0.9170111940289071,0.4450304320332802,4
u073,j00912,0.48967056319889074,0.44871338165370894,0.422950936257652,3
u073,j00913,0.2712767829232032,0.17877852659576043,0.300717240563797,2
u073,j00914,0.4370662705114284,0.4640972849308402,0.5428098077686809,2
u074,j00915,0.31954071202133794,0.3147006427956527,0.2834457052417366,2
u074,j00916,0.6449409467590044,0.7296886637310528,0.4856573372876622,4
u074,j00917,0.5088138101087153,0.5508046559386424,0.30445305027226627,2
u074,j00918,0.20658703803385117,0.09212034742425369,0.21259910181656144,1
u074,j00919,0.42727209699491253,0.3268344544621621,0.3684298375645694,2
u074,j00920,0.6237658400684711,0.4507684224871735,0.5606415342051518,3
u074,j00921,0.20041069623187474,0.20458760109185462,0.0,1
u074,j00922,0.5012956271453141,0.24460193221361193,0.3290163235847246,3
u074,j00923,0.5400581406672176,0.43401184378429003,0.304691855030281,2
u074,j00924,0.41702375681844106,0.36427412375097223,0.38810848268449505,2
u074,j00925,0.39761606953423656,0.5021989958647887,0.08113563930516476,1
u074,j00926,0.1988567353772765,0.28419982978786557,0.0,1
u074,j00927,0.45039620414891707,0.3051768909392181,0.17564455634876275,3
u074,j00928,0.36026871115791204,0.5181445346205014,0.23046196630016844,3
u075,j00929,0.38845700101310277,0.2592912585248558,0.2658819659460477,1
u075,j00930,0.4273989388502904,0.25034957071900765,0.45255617624960565,2
u075,j00931,0.06268876312018565,0.2867842036195477,0.2808565919926729,1
u075,j00932,0.964255323435996,0.9037946129694743,0.7590766043420134,4
u075,j00933,0.3035918464136567,0.15999197533952922,0.14305470085445704,0
u075,j00934,0.4463241466995652,0.46948512953941085,0.4571171662852497,2
u075,j00935,0.27168237243248927,0.22805357704268578,0.3467544770286429,2
u075,j00936,0.9717581561938702,1.0,0.512415784913632,5
u075,j00937,0.3883155320517427,0.448050129181876,0.34760252604907343,3
u075,j00938,0.39945432998652736,0.18304588187925608,0.4435864773728626,1
u076,j00939,0.638883885250302,0.5991216093597601,0.4871086076229507,3
u076,j00940,0.6585684348335433,0.902769527953718,0.5147288994640365,4
u076,j00941,0.6207435285787475,0.7097622039055627,0.7933084598230509,3
u076,j00942,0.578114380208683,0.4533583070697095,0.46784281467904903,3
u076,j00943,0.633472349279047,0.6557728647473774,0.30570013856768385,3
u076,j00944,0.80117429161343,0.881529007499064,0.660575374545997,5
u076,j00945,0.7149677260380334,0.7964150943515637,0.39204462806519863,3
u076,j00946,0.45393993465250543,0.49074373949163774,0.23515043603896751,2
u076,j00947,0.9096784499078395,1.0,0.7659525956000548,4
u076,j00948,0.8773157598894942,0.8590648535518783,0.8459810032456734,4
u076,j00949,0.6276478911914933,0.626725211704929,0.2254364662625796,3
u076,j00950,0.7477504609820808,0.6832412280619915,0.6918812173321762,3
u076,j00951,0.6455834918885607,0.6556748184785842,0.39161279851344805,3
u076,j00952,0.1818411487979523,0.298645063096226,0.2208731956200531,1
u076,j00953,0.07206856902244538,0.0,0.04844807126024248,0
u077,j00954,0.8344848798824274,1.0,0.49777275267909304,4
u077,j00955,0.3655160838035244,0.5799976535351035,0.0,2
u077,j00956,0.5200353685494798,0.5675236240452856,0.3851980701883151,3
u077,j00957,0.6400311193500987,0.8869684606018302,0.2322601085258852,3
u077,j00958,0.7481723760889386,0.8008125315959298,0.6500977477305077,4
u077,j00959,0.8296097969312671,0.7498516652310196,0.48048650787526964,3
u077,j00960,0.10723067846751606,0.0,0.21351346046143616,1
u077,j00961,0.3683684841634131,0.405142587719014,0.23501324214026717,1
u077,j00962,0.41278001851692725,0.5287049142838107,0.4925447122508155,3
u077,j00963,0.38527863853395844,0.3577889148233533,0.30386009718450163,1
u078,j00964,0.762668133576747,0.7367356090347487,0.3813890391763325,2
u078,j00965,0.4026846311713005,0.3635365866383373,0.35947983602245637,2
u078,j00966,0.2721528340689372,0.15523796676974166,0.07322995274475498,1
u078,j00967,0.32074659928276733,0.18893749312726102,0.13165417726044737,1
u078,j00968,0.20684978892988715,0.005024146327182594,0.08768034167165031,0
u078,j00969,0.36244395501029925,0.2604774444329757,0.18126317959628335,2
u078,j00970,0.8496712990058787,0.9688714391988108,0.32031763702290256,4
u078,j00971,0.8199229218944499,0.9031090340934944,0.2697944545754876,3
u078,j00972,0.7534591617155305,0.7680184356450058,0.587761624781066,4
u078,j00973,0.7073640006970084,0.5842342993935336,0.5523686431180572,3
u078,j00974,0.9305339823882364,0.8199356080148449,0.7171606813099163,4
u078,j00975,0.7182658099685623,0.8704957982462586,0.5764979804313226,3
u078,j00976,0.8671796261119262,1.0,0.6288398208892122,4
u078,j00977,0.7266776999570019,0.6848988123389244,0.49743540655213414,3
u078,j00978,0.6736524502194324,0.8137175402570914,0.4744966576402469,3
u079,j00979,0.5202895512384723,0.4380085611276567,0.4872474420432753,2
u079,j00980,0.7183455791893482,0.6593201361433897,0.5448487068371544,2
u079,j00981,0.15919196820494888,0.0,0.0,1
u079,j00982,0.8059759784793513,0.8041786456437956,0.5221078769238032,3
u079,j00983,0.30106508015104366,0.2647188508951645,0.41266052528286923,2
u079,j00984,0.8762624972553328,0.720865210619142,0.6464388804044334,4
u079,j00985,0.20617128688581826,0.14979955116536184,0.0,1
u079,j00986,0.45047044690601257,0.49540871621696686,0.253988029448018,2
u079,j00987,0.18972899134872395,0.202153569822625,0.21039480148571482,2
u079,j00988,0.25453759703046785,0.1175892510091005,0.1200120505153491,1
u079,j00989,0.4512714892467748,0.4582854269314528,0.2487504638952803,3
u079,j00990,0.582742783501128,0.6072725080812976,0.28939442882201716,3
u079,j00991,0.8364355582984769,1.0,0.5853147127858094,4
u080,j00992,0.4017579655493673,0.40908139557612583,0.037860776250673134,1
u080,j00993,0.8461186190252878,0.8909426610347001,0.8105982059050002,4
u080,j00994,0.7390398602210251,0.6494085370163617,0.45832055749301903,3
u080,j00995,0.4172285120402068,0.3695746722520644,0.2858391917282726,2
u080,j00996,0.6711031437137106,0.5347291510744261,0.5527079848895197,3
u080,j00997,0.646153726921703,0.5562238084868663,0.5029725237033823,3
u080,j00998,0.7058315481539776,0.5923079689918623,0.4773842563881142,3
u080,j00999,0.7534976506642312,0.8572074568280676,0.12131677715778527,3
u080,j01000,0.2892221609763407,0.2779572143795376,0.23858702626349962,1
u080,j01001,0.5444499058563462,0.6567766460086681,0.49765543953916985,3
u080,j01002,0.2425188914677279,0.1837378584269592,0.27703938254661825,2
u081,j01003,0.47588474183338253,0.26523219415609733,0.2288469155718369,2
u081,j01004,0.2408972374067566,0.26239091877097265,0.24673149064812994,1
u081,j01005,0.48020892677560945,0.6231398087531524,0.31411822055463146,1
u081,j01006,0.10295231064292544,0.0,0.29140480805525715,0
u081,j01007,0.4480240109077576,0.6201411712300067,0.35632999664326553,1
u081,j01008,0.5978060940544546,0.7179180155579348,0.6801518463494054,4
u081,j01009,0.41799236284121505,0.35809568866477115,0.47216985807602857,2
u081,j01010,0.4087608925359206,0.3245508394802262,0.5383564933878466,2
u081,j01011,0.6663344972532551,0.763739165846847,0.5162219152334616,5
u081,j01012,0.3033235215401344,0.4136933390189856,0.0,1
u081,j01013,0.4796254264341856,0.3650712542001784,0.4134706410707416,2
u081,j01014,0.3902842923272306,0.4248080051686367,0.0,0
u081,j01015,0.474525339216837,0.5728941052878084,0.3028468409138898,2
u081,j01016,0.7020815390471875,0.44368841040195156,0.7390430218179584,3
u081,j01017,0.48730684453022083,0.3556818350041425,0.46442470287603366,2
u082,j01018,0.6084919065574427,0.5642779215135194,0.6062340850211414,3
u082,j01019,0.5640489133023977,0.6812206785661659,0.22501186820427738,2
u082,j01020,0.8925267737059771,0.8087872591155093,0.5947385534491285,4
u082,j01021,0.4954057089153089,0.3815313695830675,0.21074856503240708,1
u082,j01022,0.7073981681594154,0.6492380971114026,0.4388336686039897,3
u082,j01023,0.8469620363196609,0.6760870628559481,0.6196528008818343,3
u082,j01024,0.04079862469805274,0.027443475785415904,0.0,1
u082,j01025,0.7375434431779726,0.5580784587981882,0.5144356428283722,3
u082,j01026,0.3595963783005167,0.5787160437094423,0.30961297869569304,2
u082,j01027,0.9225232303209673,0.8461763848027357,0.5610071901919982,5
u082,j01028,0.32006956082771537,0.2831627526059639,0.23785696317619953,2
u082,j01029,0.5337326003809978,0.44314865679236726,0.6276116656277557,3
u082,j01030,0.3400747919192559,0.4569862634896301,0.050618968932557074,2
u083,j01031,0.20476340483078984,0.23557350067020433,0.0,1
u083,j01032,0.23417865143436437,0.15413367433972192,0.397370175331445,1
u083,j01033,0.18161810678524354,0.09360025878385,0.0,1
u083,j01034,0.4512532745928966,0.6542734550958467,0.5476629491295805,2
u083,j01035,0.06114534890091882,0.4846319714093769,0.07740634198080837,1
u083,j01036,0.5324970236470928,0.4831180747005392,0.45396453146142557,2
u083,j01037,0.23172235088452273,0.2383227032085277,0.2480245032604244,2
u083,j01038,0.6595077776996956,0.7065754587662435,0.21396323084622695,3
u083,j01039,0.6208462726125011,0.7604513992321271,0.3699950029156769,3
u083,j01040,0.345509935371691,0.2963792266079929,0.2764556435414372,2
u083,j01041,0.4772452458179293,0.3911834177312328,0.17901130198821655,2
u083,j01042,0.269773235010241,0.25359725275902345,0.0,1
u083,j01043,0.7563976310803252,0.6002645191133638,0.7232863865902961,3
u084,j01044,0.3592027256589712,0.28260633668726515,0.2151491792626124,2
u084,j01045,0.5403381382577648,0.46012354895538343,0.6179225758098965,3
u084,j01046,0.6174115640316854,0.7098142624873703,0.4553397297185309,3
u084,j01047,0.29682984783593314,0.2557720097006645,0.24228923521697832,2
u084,j01048,0.1335509183728177,0.07598610962587891,0.08894774360215932,1
u084,j01049,0.5055160620683857,0.6452032803786982,0.3988155767805337,3
u084,j01050,0.15294286854177172,0.2314028553092572,0.07184520526341764,1
u084,j01051,0.3761038484694874,0.29549735375851816,0.32487378991986093,1
u084,j01052,0.4093746327560296,0.5429673102847568,0.4274360799008479,2
u084,j01053,0.5548662680812749,0.49157958068452057,0.3465033963448937,3
u084,j01054,0.5970222025217954,0.5777665763037501,0.4970119957751913,3
u084,j01055,0.27236383014955357,0.4347782678640979,0.3212220565658836,3
u085,j01056,0.5197828328354035,0.7890533858957695,0.0,3
u085,j01057,0.7868781284804233,0.7907947888833279,0.5010019779351669,4
u085,j01058,0.49829663045108286,0.4915748698310423,0.38675891431742676,2
u085,j01059,0.18824753116753715,0.335119892476084,0.09531156340539479,2
u085,j01060,0.85154912656399,0.8276158806574233,0.6614225760985688,4
u085,j01061,0.4991904115816183,0.316510293387809,0.06307483555446264,2
u085,j01062,0.8878439479954545,0.8339635135508705,0.7225362184531116,3
u085,j01063,0.38318122457314413,0.4656160204249854,0.3410842334043004,3
u085,j01064,0.11776559442082363,0.0,0.174203973444976,1
u085,j01065,0.5922488932446557,0.7427911375303985,0.3755766364833532,3
u085,j01066,0.1419210690499994,0.0,0.179590349189565,1
u085,j01067,0.2467717602698814,0.020436315795758275,0.43814083069901066,2
u085,j01068,0.8933277235823286,0.885515658931692,1.0,4
u086,j01069,0.6503795690751415,0.6350907443883463,0.26656271166264844,3
u086,j01070,0.31504776668684753,0.4466329022038732,0.0,1
u086,j01071,0.1769270501125599,0.12492030211022154,0.038661313290898974,1
u086,j01072,0.46270948679581614,0.4269338172839149,0.07603478221255064,2
u086,j01073,0.4180465201261601,0.49303495148464527,0.2083017096552725,2
u086,j01074,0.9129992319662461,0.8271694097081352,0.5349729519935695,4
u086,j01075,0.5227723446030944,0.5599395580994146,0.43730343999689586,3
u086,j01076,0.0172265017570525,0.10141111676006044,0.0,1
u086,j01077,0.8788421630304322,0.7763029475018657,0.5547296339157942,4
u086,j01078,0.7417257062133736,0.980384112667429,0.8038910882481674,4
u087,j01079,0.6706970447368021,0.6504866792933364,0.5600347921598723,3
u087,j01080,0.7034580553968325,0.7532131033089065,0.5395873274090106,3
u087,j01081,0.7929362005095244,0.5450998675046512,0.8733000364561976,3
u087,j01082,0.028934523073273117,0.0,0.08777751124328832,0
u087,j01083,0.9292697726231606,1.0,0.5239107592224775,3
u087,j01084,0.24605986673238792,0.3231437377784093,0.5273540613167398,1
u087,j01085,0.29250047143493635,0.22153310385437067,0.43803011012655674,1
u087,j01086,0.045171496510151045,0.2923616455198879,0.029813514613116,0
u087,j01087,0.498704465427938,0.3740111252238093,0.6022253340850756,2
u087,j01088,0.5543689657933885,0.5405198452094142,0.3495004147334122,2
u087,j01089,0.5164561135319671,0.4139973430314418,0.26504177816832236,2
u087,j01090,0.37209559883125526,0.362935902826363,0.31090860256901304,1
u087,j01091,0.5138027808502319,0.6001030208128844,0.6326277146920519,3
u087,j01092,0.4826944134740028,0.4777451686773164,0.6354311372972049,2
u087,j01093,0.3504555069215791,0.3327987663438863,0.14682524422514967,2
u088,j01094,0.3659510637069173,0.6570942014688853,0.39191005081897207,2
u088,j01095,0.8246437831345211,0.8147326740923663,0.6927459578944481,3
u088,j01096,0.7139118274405316,0.6002203420332505,0.6871948422360199,3
u088,j01097,0.5042475505685698,0.1497376776195261,0.25671421385017945,2
u088,j01098,0.5946819882284278,0.6791476995673387,0.3089504439371151,3
u088,j01099,0.4666908758398256,0.5214408144632495,0.0,3
u088,j01100,0.7268999328460075,0.7156604538592942,0.4412919448254645,3
u088,j01101,0.9058214625595253,0.7944350664777632,0.8205892655071064,4
u088,j01102,0.14562978174400495,0.052846865525609535,0.03362078878334239,1
u088,j01103,0.460932247976183,0.2958561573218196,0.2516057549356494,3
u088,j01104,0.5173864649854721,0.528160660715768,0.39844083622319276,3
u088,j01105,0.8529533274140682,0.7809965280355238,0.658860279049119,4
u088,j01106,0.602837371443625,0.5046368734432747,0.2869188908038335,3
u088,j01107,0.2879368082484917,0.44527628384092566,0.33116626309478625,2
u089,j01108,0.7344072364723442,0.6999905873523194,0.4001341128677579,4
u089,j01109,0.766696302045895,0.9740519622917068,0.46628544146811984,3
u089,j01110,0.15987888420418972,0.10654158022126645,0.18155290466138332,1
u089,j01111,0.5301549410535509,0.4926336806951578,0.2517101222361725,2
u089,j01112,0.4620860757165,0.5168780575603202,0.3893327730566126,3
u089,j01113,0.689643924497001,0.6949314325857929,0.2073854337213371,4
u089,j01114,0.30543321966388104,0.3543704214180115,0.19732363529942637,2
u089,j01115,0.14928164958615256,0.0,0.28149543416377476,2
u089,j01116,0.5735271629128285,0.3688609720048758,0.5187731221750991,2
u089,j01117,0.545612454325257,0.4095119168919221,0.536305783446875,2
u089,j01118,0.8540176716747412,0.7947703613477547,0.6037694434302641,3
u089,j01119,0.7605380484507651,0.6678329950296968,0.5236820339652902,3
u089,j01120,0.4712200291965157,0.4752060167580934,0.06276016950143759,3
u089,j01121,0.7208022028564783,0.6658391808947316,0.5758617808136586,3
u090,j01122,0.4960461378244612,0.3825595473222445,0.2547159922491667,2
u090,j01123,0.38101148318468536,0.2392947851449591,0.09395587187412821,2
u090,j01124,0.26770289333060937,0.2323892198232474,0.329613467902234,1
u090,j01125,0.11845673005422867,0.10701579911062675,0.3424679832665354,0
u090,j01126,0.4124259707129759,0.45425446002838465,0.2048788066663395,2
u090,j01127,0.5637551956204229,0.5938305834728191,0.5159142879678135,3
u090,j01128,0.36085051141102126,0.31612144212757853,0.17517786170699967,2
u090,j01129,0.22305030942692747,0.23767164512282193,0.12839830876742062,1
u090,j01130,0.330982243367502,0.3501631126273496,0.048794612483341965,1
u090,j01131,0.7565737667912124,0.8127985861767406,0.5653714078024178,4
u090,j01132,0.3143220350927431,0.24891966770096693,0.25304250556013796,2
u090,j01133,0.3151839119182962,0.2667783424020543,0.52463969011546,1
u090,j01134,0.1909100979634957,0.0,0.07629923143866572,1
u090,j01135,0.2708682205838006,0.43276443319741215,0.4789343490119239,2
u091,j01136,0.6387520746561304,0.3671744597655131,0.5427201705113897,3
u091,j01137,0.08483081666061745,0.0829742197734087,0.03833911665882697,1
u091,j01138,0.8411669287181669,0.7541784448991917,0.45448496739512084,3
u091,j01139,0.6005057754454433,0.45350578880623715,0.4280909062407658,3
u091,j01140,0.6845995199909578,0.6795014252858194,0.12556587988720708,2
u091,j01141,0.19199283778638876,0.27206225547789775,0.0,1
u091,j01142,0.47414363971422535,0.5247020150221177,0.45306656249372523,3
u091,j01143,0.6948819091226272,0.6826435105713858,0.3853291297363828,4
u091,j01144,0.915589925512029,0.7854044723588682,0.586378641175535,4
u091,j01145,0.7363981199274721,0.6598996277484707,0.5088778522079566,3
u092,j01146,0.5820228465300122,0.5435332798938652,0.2642474406730956,3
u092,j01147,0.8481728170230889,0.8954498441268172,0.5195751317232089,4
u092,j01148,0.8323238582574538,0.8962195751920973,0.4110047292260892,4
u092,j01149,0.5334963621214256,0.43108842523673224,0.4802410734925877,2
u092,j01150,0.2396013465708435,0.1993075375363478,0.0,1
u092,j01151,0.9147737441897441,0.9255011776615377,0.6731563314505365,5
u092,j01152,0.1835319982930931,0.0,0.0,1
u092,j01153,0.5602289872405445,0.4594856802784256,0.47781501072795324,3
u092,j01154,0.7884975985103647,0.5424016157910669,0.4496016581261857,2
u092,j01155,0.7126156453021604,0.6235172319698085,0.27385080582213467,3
u093,j01156,0.44466958812331986,0.6603976489926028,0.26381837997531415,2
u093,j01157,0.673085471776165,0.7382493452909232,0.44084459115354,4
u093,j01158,0.48301843389209204,0.34724976067588753,0.47122025834563447,3
u093,j01159,0.7546752020655142,0.7187116752657965,0.4188275946455863,3
u093,j01160,0.47656039670783523,0.5669665319059983,0.3536606371252505,2
u093,j01161,0.36961952719738733,0.5110298453050337,0.46304341257729276,2
u093,j01162,0.32037587583278065,0.4792781042902476,0.2801603410549547,2
u093,j01163,0.6948595942273942,0.6463607350898779,0.48667094689089196,3
u093,j01164,0.14506169852766324,0.0,0.1330444351727526,1
u093,j01165,0.6491913389121629,0.6954766397759371,0.33295042237510275,3
u093,j01166,0.7533856802425649,0.7638208444870253,0.6488740619457128,3
u094,j01167,0.48647136303420657,0.3175961498151183,0.14581436857087093,2
u094,j01168,0.6292837174771633,0.45870795501838024,0.8303220372452016,2
u094,j01169,0.4266616116711935,0.39180863382985553,0.365284903832924,2
u094,j01170,0.7256447466835421,0.7674175644493073,0.4500344062655582,3
u094,j01171,0.5003393789246987,0.4238023357815064,0.22670917271874247,2
u094,j01172,0.0738729562007268,0.16419690472980328,0.057339558579487714,1
u094,j01173,0.8743757482287111,0.8359965948820604,0.5296788028357879,3
u094,j01174,0.1348727050604653,0.30531828682386736,0.0,0
u094,j01175,0.6370326881998549,0.6156698933921944,0.5540908098712763,3
u094,j01176,0.3097716329634689,0.4269364737210069,0.3564713198650148,2
u094,j01177,0.4006570284706969,0.3741452214779434,0.4033181606925928,2
u094,j01178,0.7346925047182968,0.6147050696485248,0.8433251456443185,3
u094,j01179,0.19029770970835902,0.3661229701261247,0.11556862889713157,1
u095,j01180,0.520862751940864,0.5126673342660473,0.21723070792371277,2
u095,j01181,0.7633241303354721,0.6607126734063675,0.5474261968230778,2
u095,j01182,0.9877075215740259,0.9053084164732277,0.6146574843208733,4
u095,j01183,0.5928436805388001,0.6798534058725011,0.32439269749477856,4
u095,j01184,0.10707125316982272,0.14273936586952468,0.005226373949810695,1
u095,j01185,0.19041487938155038,0.18356752440981167,0.0,1
u095,j01186,0.09680841291156725,0.0,0.1622115294919355,0
u095,j01187,0.4986848856678167,0.4842144230510004,0.3292827736627033,2
u095,j01188,0.6708436052029029,0.6079217712531004,0.8305088773425227,4
u095,j01189,0.559904945391331,0.6276796381002487,0.3979513241394184,2
u095,j01190,0.47294599563769935,0.5090358776993948,0.44620070848888344,3
u095,j01191,0.6863900785857504,0.7584780404032214,0.4228242709812094,3
u095,j01192,0.6789939295766148,0.7881679309887543,0.4618461624726852,3
u096,j01193,0.01660527531637297,0.0,0.0,0
u096,j01194,0.6167365348298712,0.7745111538121533,0.5991357176916281,3
u096,j01195,0.5966971283346755,0.5642525604383806,0.20922096835537243,3
u096,j01196,0.8490582888122161,0.8486653633255173,0.4997720340407296,4
u096,j01197,0.23213809278947325,0.3557680560658213,0.10549113800922821,1
u096,j01198,0.8331264457553312,0.9297961026990185,0.5951758015897374,4
u096,j01199,0.1983122857357004,0.08684110784041275,0.06319929896724072,1
u096,j01200,0.8681406985021424,0.894728801815131,0.6564122248815308,4
u096,j01201,0.6972078854928863,0.6123151401154238,0.81952386970729,4
u096,j01202,0.4187271210879798,0.425357852882381,0.2672527411435366,2
u096,j01203,0.609014632831364,0.5714742560651813,0.5809481437369909,3
u096,j01204,0.8472267636115052,0.794263708629723,0.91120776940482,4
u096,j01205,0.8052155408416062,0.6911326576317756,0.7520158048794081,3
u096,j01206,0.7469559984753283,0.9780311337707617,0.35738159311217876,4
u096,j01207,0.9108163745980123,0.7423893390503729,0.817312867715304,4
u097,j01208,0.47475802391376987,0.44350767993546525,0.3879203788366706,3
u097,j01209,0.6880188277384282,0.6032140155336675,0.40190745187185295,3
u097,j01210,0.3993899465712532,0.4263968928022059,0.2887473477775145,2
u097,j01211,0.41091147982609394,0.42898377896745,0.35287859400497723,2
u097,j01212,0.6735361488111128,0.8907724620116122,0.5313657153099053,3
u097,j01213,0.5726192527563592,0.6157058639740032,0.600967856055355,3
u097,j01214,0.6250938790395362,0.4179457049580882,0.1398625241107888,2
u097,j01215,0.6805827117821943,0.5545301963314783,0.603325668641926,3
u097,j01216,0.39420616202749326,0.3732556351201623,0.4489697408864768,3
u097,j01217,0.5482123994245114,0.26068252482486143,0.28190162762768817,2
u097,j01218,0.09534982179859693,0.08930182772671427,0.06099629990441197,1
u097,j01219,0.6103645838735652,0.39954033994538496,0.23690782212332082,2
u097,j01220,0.4545782838331947,0.31556025641080643,0.489242381583917,2
u097,j01221,0.5790337788618096,0.6845154774086505,0.26335002580500244,3
u097,j01222,0.5333467764423494,0.5076721249398435,0.14380087312017645,2
u098,j01223,0.2249909330122207,0.14938512125041978,0.04736937319040237,1
u098,j01224,0.3383843729813729,0.4202509026909125,0.27643239881034737,2
u098,j01225,0.6891293102404288,0.8002802091705559,0.4244901308208842,4
u098,j01226,0.2082297180836662,0.24190620209758862,0.2643746994934457,2
u098,j01227,0.02800631943942087,0.0,0.0025655993522999063,0
u098,j01228,0.558576686772955,0.5955804042887813,0.32039041587235123,3
u098,j01229,0.509898197813406,0.12091653877391151,0.4015027420406174,2
u098,j01230,0.310608839765962,0.3174092750545626,0.31977700514512225,2
u098,j01231,0.6836327412363028,0.696556675129097,0.6282755672611714,4
u098,j01232,0.779031393943837,0.9813625724645163,0.0,4
u098,j01233,0.560888086037039,0.6343604632496861,0.15870629335699346,2
u098,j01234,0.6978189803326008,0.786836029309933,0.41247806116463265,4
u099,j01235,0.9619621225111687,0.76369300122875,0.8184169825595405,4
u099,j01236,0.63039408940551,0.6601852649843676,0.37638023513382773,4
u099,j01237,0.3276736966084152,0.08231821615226304,0.14252395463490491,1
u099,j01238,0.7691121927003267,0.953496291458507,0.570302194690724,4
u099,j01239,0.263400186607322,0.2657996449520923,0.12440612048214643,3
u099,j01240,0.8147486153848613,0.5879358386664109,0.5875652965332726,4
u099,j01241,0.6435106869577412,0.581274127259592,0.708212080235,3
u099,j01242,0.7582412150978455,0.6684559773023485,0.4181608003945698,3
u099,j01243,0.1029670211012547,0.03910975428048247,0.013791681697197848,0
u099,j01244,0.8748359264303394,0.9631653771557246,0.4827423592101571,4
u099,j01245,0.23738464727202563,0.11689509131742234,0.3078270365157264,2
u099,j01246,0.10247706795540522,0.00854622688987998,0.1924739561786325,2
u099,j01247,0.47747556057466467,0.455008281993839,0.489131519895567,3
u100,j01248,0.37876376846280907,0.3078072117973356,0.1689598985144388,2
u100,j01249,0.08454614658447993,0.18821697257997344,0.1745526695056409,1
u100,j01250,0.7162417899691111,0.8048250650801037,0.19983675479346835,3
u100,j01251,0.5222560298822689,0.5030470914892724,0.329067675532402,3
u100,j01252,0.3481783447136313,0.33439845370328475,0.39843192009114153,2
u100,j01253,0.6044447769792078,0.6222984531560845,0.3974228981617053,3
u100,j01254,0.28114220775531246,0.5851428878390537,0.14033616224048942,2
u100,j01255,0.3922704286713762,0.44372177973706783,0.3901588394230473,3
u100,j01256,0.8802898837641683,0.8660888888993097,0.7144879629119818,4
u100,j01257,0.28979656545797483,0.3580339193795073,0.26029585232917185,3
u100,j01258,0.777501917983496,0.5854268168014904,0.5166079923135404,3
u100,j01259,0.3820233752538129,0.3942379752986922,0.31336849276747236,2
u100,j01260,0.3250455557548736,0.46777574989049076,0.13914382940915138,1
u100,j01261,0.5948745677508996,0.49438887298900364,0.550781630161019,3
u100,j01262,0.45085170466719515,0.47270442851407435,0.35067595841842364,3
